CREATE DATABASE  IF NOT EXISTS `cvutdb` /*!40100 DEFAULT CHARACTER SET utf8 */;
USE `cvutdb`;
-- MySQL dump 10.13  Distrib 5.7.17, for Win64 (x86_64)
--
-- Host: 194.182.82.153    Database: cvutdb
-- ------------------------------------------------------
-- Server version	5.7.22-0ubuntu0.16.04.1

/*!40101 SET @OLD_CHARACTER_SET_CLIENT=@@CHARACTER_SET_CLIENT */;
/*!40101 SET @OLD_CHARACTER_SET_RESULTS=@@CHARACTER_SET_RESULTS */;
/*!40101 SET @OLD_COLLATION_CONNECTION=@@COLLATION_CONNECTION */;
/*!40101 SET NAMES utf8 */;
/*!40103 SET @OLD_TIME_ZONE=@@TIME_ZONE */;
/*!40103 SET TIME_ZONE='+00:00' */;
/*!40014 SET @OLD_UNIQUE_CHECKS=@@UNIQUE_CHECKS, UNIQUE_CHECKS=0 */;
/*!40014 SET @OLD_FOREIGN_KEY_CHECKS=@@FOREIGN_KEY_CHECKS, FOREIGN_KEY_CHECKS=0 */;
/*!40101 SET @OLD_SQL_MODE=@@SQL_MODE, SQL_MODE='NO_AUTO_VALUE_ON_ZERO' */;
/*!40111 SET @OLD_SQL_NOTES=@@SQL_NOTES, SQL_NOTES=0 */;

--
-- Table structure for table `applications`
--

DROP TABLE IF EXISTS `applications`;
/*!40101 SET @saved_cs_client     = @@character_set_client */;
/*!40101 SET character_set_client = utf8 */;
CREATE TABLE `applications` (
  `IdApplication` int(11) NOT NULL AUTO_INCREMENT,
  `IdApplicationType` int(11) NOT NULL,
  `IsRunning` tinyint(1) NOT NULL,
  `Name` varchar(50) CHARACTER SET utf8mb4 DEFAULT NULL,
  `IdServingPlace` int(11) DEFAULT NULL,
  PRIMARY KEY (`IdApplication`),
  KEY `FK_Automats_AutomatTypes` (`IdApplicationType`),
  KEY `IdServingPlace` (`IdServingPlace`),
  KEY `IdServingPlac` (`IdServingPlace`),
  CONSTRAINT `FK_Automats_AutomatTypes` FOREIGN KEY (`IdApplicationType`) REFERENCES `applicationtype` (`IdApplicationType`) ON DELETE NO ACTION ON UPDATE NO ACTION,
  CONSTRAINT `IdServingPlac` FOREIGN KEY (`IdServingPlace`) REFERENCES `servingplaces` (`id`) ON DELETE NO ACTION ON UPDATE NO ACTION
) ENGINE=InnoDB AUTO_INCREMENT=3 DEFAULT CHARSET=utf8;
/*!40101 SET character_set_client = @saved_cs_client */;

--
-- Dumping data for table `applications`
--

LOCK TABLES `applications` WRITE;
/*!40000 ALTER TABLE `applications` DISABLE KEYS */;
INSERT INTO `applications` VALUES (0,0,1,'V chodbe',NULL),(1,1,1,'Recepcia',2),(2,2,0,'Hl. jedalen',NULL);
/*!40000 ALTER TABLE `applications` ENABLE KEYS */;
UNLOCK TABLES;

--
-- Table structure for table `applicationtype`
--

DROP TABLE IF EXISTS `applicationtype`;
/*!40101 SET @saved_cs_client     = @@character_set_client */;
/*!40101 SET character_set_client = utf8 */;
CREATE TABLE `applicationtype` (
  `IdApplicationType` int(11) NOT NULL AUTO_INCREMENT,
  `Name` varchar(10) CHARACTER SET utf8mb4 NOT NULL,
  PRIMARY KEY (`IdApplicationType`)
) ENGINE=InnoDB AUTO_INCREMENT=3 DEFAULT CHARSET=utf8;
/*!40101 SET character_set_client = @saved_cs_client */;

--
-- Dumping data for table `applicationtype`
--

LOCK TABLES `applicationtype` WRITE;
/*!40000 ALTER TABLE `applicationtype` DISABLE KEYS */;
INSERT INTO `applicationtype` VALUES (0,'Inform'),(1,'Objed'),(2,'Vydaj');
/*!40000 ALTER TABLE `applicationtype` ENABLE KEYS */;
UNLOCK TABLES;

--
-- Table structure for table `clients`
--

DROP TABLE IF EXISTS `clients`;
/*!40101 SET @saved_cs_client     = @@character_set_client */;
/*!40101 SET character_set_client = utf8 */;
CREATE TABLE `clients` (
  `IdClient` int(11) NOT NULL AUTO_INCREMENT,
  `FirstName` varchar(10) CHARACTER SET utf8mb4 NOT NULL,
  `LastName` varchar(10) CHARACTER SET utf8mb4 NOT NULL,
  `Balance` double NOT NULL,
  `CardNumber` varchar(10) DEFAULT NULL,
  PRIMARY KEY (`IdClient`)
) ENGINE=InnoDB AUTO_INCREMENT=15 DEFAULT CHARSET=utf8;
/*!40101 SET character_set_client = @saved_cs_client */;

--
-- Dumping data for table `clients`
--

LOCK TABLES `clients` WRITE;
/*!40000 ALTER TABLE `clients` DISABLE KEYS */;
INSERT INTO `clients` VALUES (1,'Juraj','Matejka',115.52,'1'),(2,'Mato','Vyskocany',853.11,'2'),(3,'Jozko','Pravy',466.92,'3'),(4,'Kristof','Zeleny',962.63,'4'),(7,'Stefan','Jurosik',180,'0'),(8,'Martin','Lichy',0,'5'),(9,'Juraj','Nejaky',0,'8'),(10,'Filip','Gonda',0,'8'),(11,'Tomas','Zigo',0,'5'),(12,'Martin','Plaffy',0,'123'),(13,'Peter','Podavka',123.85,'74'),(14,'Karol','Kristl',0,'4');
/*!40000 ALTER TABLE `clients` ENABLE KEYS */;
UNLOCK TABLES;

--
-- Table structure for table `deserts`
--

DROP TABLE IF EXISTS `deserts`;
/*!40101 SET @saved_cs_client     = @@character_set_client */;
/*!40101 SET character_set_client = utf8 */;
CREATE TABLE `deserts` (
  `IdDesert` int(11) NOT NULL AUTO_INCREMENT,
  `Name` varchar(50) NOT NULL,
  `Description` varchar(50) DEFAULT NULL,
  `Deleted` bit(1) NOT NULL DEFAULT b'0',
  PRIMARY KEY (`IdDesert`)
) ENGINE=InnoDB AUTO_INCREMENT=5 DEFAULT CHARSET=utf8;
/*!40101 SET character_set_client = @saved_cs_client */;

--
-- Dumping data for table `deserts`
--

LOCK TABLES `deserts` WRITE;
/*!40000 ALTER TABLE `deserts` DISABLE KEYS */;
INSERT INTO `deserts` VALUES (1,'Puding','So slahackou','\0'),(2,'Koláč','Podla vyberu','\0'),(3,'Zmrzlina','Čučoriedková','\0'),(4,'Gríska','S posipanou čokoládou','\0');
/*!40000 ALTER TABLE `deserts` ENABLE KEYS */;
UNLOCK TABLES;

--
-- Table structure for table `devices`
--

DROP TABLE IF EXISTS `devices`;
/*!40101 SET @saved_cs_client     = @@character_set_client */;
/*!40101 SET character_set_client = utf8 */;
CREATE TABLE `devices` (
  `IdDevice` int(11) NOT NULL AUTO_INCREMENT,
  `IdApplication` int(11) NOT NULL,
  `IP` varchar(50) NOT NULL,
  `Port` int(11) DEFAULT NULL,
  PRIMARY KEY (`IdDevice`),
  KEY `FK_Devices_Automats` (`IdApplication`),
  CONSTRAINT `FK_Devices_Automats` FOREIGN KEY (`IdApplication`) REFERENCES `applications` (`IdApplication`) ON DELETE NO ACTION ON UPDATE NO ACTION
) ENGINE=InnoDB AUTO_INCREMENT=4 DEFAULT CHARSET=utf8;
/*!40101 SET character_set_client = @saved_cs_client */;

--
-- Dumping data for table `devices`
--

LOCK TABLES `devices` WRITE;
/*!40000 ALTER TABLE `devices` DISABLE KEYS */;
INSERT INTO `devices` VALUES (0,0,'10.143.16.222',15000),(1,1,'10.143.16.221',15000),(2,2,'127.0.0.1',15003),(3,2,'127.0.0.1',15004);
/*!40000 ALTER TABLE `devices` ENABLE KEYS */;
UNLOCK TABLES;

--
-- Table structure for table `meals`
--

DROP TABLE IF EXISTS `meals`;
/*!40101 SET @saved_cs_client     = @@character_set_client */;
/*!40101 SET character_set_client = utf8 */;
CREATE TABLE `meals` (
  `IdMeal` int(11) NOT NULL AUTO_INCREMENT,
  `Name` varchar(50) NOT NULL,
  `Description` varchar(50) DEFAULT NULL,
  `Deleted` bit(1) NOT NULL DEFAULT b'0',
  PRIMARY KEY (`IdMeal`)
) ENGINE=InnoDB AUTO_INCREMENT=5 DEFAULT CHARSET=utf8;
/*!40101 SET character_set_client = @saved_cs_client */;

--
-- Dumping data for table `meals`
--

LOCK TABLES `meals` WRITE;
/*!40000 ALTER TABLE `meals` DISABLE KEYS */;
INSERT INTO `meals` VALUES (1,'Rezeň','Vyprazany s hranolkami','\0'),(2,'Kurca','Bez plnky s kašou','\0'),(3,'Čína','Kuracie mäso so zeleninou','\0'),(4,'Rizoto','Bravčové so zeleninou a uhorkou','\0');
/*!40000 ALTER TABLE `meals` ENABLE KEYS */;
UNLOCK TABLES;

--
-- Table structure for table `menu`
--

DROP TABLE IF EXISTS `menu`;
/*!40101 SET @saved_cs_client     = @@character_set_client */;
/*!40101 SET character_set_client = utf8 */;
CREATE TABLE `menu` (
  `ForDate` date NOT NULL,
  `IdMenu` int(11) NOT NULL AUTO_INCREMENT,
  `IdSoup` int(11) DEFAULT NULL,
  `IdMeal` int(11) DEFAULT NULL,
  `IdDesert` int(11) DEFAULT NULL,
  `Price` float DEFAULT NULL,
  `IdServingPlace` int(11) NOT NULL,
  `Deleted` bit(1) NOT NULL DEFAULT b'0',
  PRIMARY KEY (`IdMenu`,`ForDate`),
  KEY `IdDesert` (`IdDesert`),
  KEY `IdMeal` (`IdMeal`),
  KEY `IdSoup` (`IdSoup`),
  KEY `IdMenu` (`IdMenu`),
  KEY `ForDate` (`ForDate`),
  KEY `IdServingPlace` (`IdServingPlace`),
  CONSTRAINT `IdDesert` FOREIGN KEY (`IdDesert`) REFERENCES `deserts` (`IdDesert`) ON DELETE NO ACTION ON UPDATE NO ACTION,
  CONSTRAINT `IdMeal` FOREIGN KEY (`IdMeal`) REFERENCES `meals` (`IdMeal`) ON DELETE NO ACTION ON UPDATE NO ACTION,
  CONSTRAINT `IdServingPlace` FOREIGN KEY (`IdServingPlace`) REFERENCES `servingplaces` (`id`) ON DELETE NO ACTION ON UPDATE NO ACTION,
  CONSTRAINT `IdSoup` FOREIGN KEY (`IdSoup`) REFERENCES `soups` (`IdSoup`) ON DELETE NO ACTION ON UPDATE NO ACTION
) ENGINE=InnoDB AUTO_INCREMENT=34 DEFAULT CHARSET=utf8;
/*!40101 SET character_set_client = @saved_cs_client */;

--
-- Dumping data for table `menu`
--

LOCK TABLES `menu` WRITE;
/*!40000 ALTER TABLE `menu` DISABLE KEYS */;
INSERT INTO `menu` VALUES ('2018-04-22',1,1,1,1,2,1,'\0'),('2018-04-22',2,3,2,2,1,1,'\0'),('2018-04-23',3,1,1,1,5,1,'\0'),('2018-04-23',4,2,2,1,3,1,'\0'),('2018-04-23',5,1,1,1,4,1,'\0'),('2018-04-23',6,1,2,1,5,1,'\0'),('2018-04-23',7,2,1,1,6,1,'\0'),('2018-04-23',8,1,1,1,1,1,'\0'),('2018-04-23',9,1,2,1,2,1,'\0'),('2018-04-23',10,1,1,2,3,1,'\0'),('2018-04-23',11,2,1,1,4,1,'\0'),('2018-04-23',12,1,1,2,6,1,'\0'),('2018-04-24',13,2,1,1,7,1,'\0'),('2018-04-24',14,1,1,2,6,1,'\0'),('2018-04-23',15,1,1,2,5,1,'\0'),('2018-04-23',16,1,1,1,855,1,'\0'),('2018-04-30',17,NULL,1,NULL,11,1,'\0'),('2018-04-30',18,NULL,3,NULL,2,1,'\0'),('2018-04-30',19,1,NULL,2,3,1,'\0'),('2018-04-30',20,1,1,1,4,1,'\0'),('2018-04-30',21,1,NULL,3,5,1,'\0'),('2018-04-30',22,NULL,NULL,3,8,1,'\0'),('2018-05-01',24,NULL,1,1,8,1,'\0'),('2018-05-01',25,1,1,NULL,4,1,'\0'),('2018-05-01',26,NULL,3,NULL,3,1,'\0'),('2018-05-02',27,1,1,NULL,5,2,'\0'),('2018-05-02',28,2,NULL,3,7,1,'\0'),('2018-05-02',29,1,1,1,0,2,'\0'),('2018-05-02',30,1,1,1,0,1,'\0'),('2018-05-03',31,1,1,1,0,1,'\0'),('2018-05-18',32,1,1,1,8,1,'\0'),('2018-05-18',33,6,3,4,0,1,'\0');
/*!40000 ALTER TABLE `menu` ENABLE KEYS */;
UNLOCK TABLES;

--
-- Table structure for table `orders`
--

DROP TABLE IF EXISTS `orders`;
/*!40101 SET @saved_cs_client     = @@character_set_client */;
/*!40101 SET character_set_client = utf8 */;
CREATE TABLE `orders` (
  `IdOrder` int(11) NOT NULL AUTO_INCREMENT,
  `ForDate` date NOT NULL,
  `IdMenu` int(11) NOT NULL,
  `IdClient` int(11) NOT NULL,
  `Vydane` datetime DEFAULT NULL,
  PRIMARY KEY (`IdOrder`),
  KEY `FK_ORDERS_CLIENTS` (`IdClient`),
  KEY `FK_ORDERS_MENU_idx` (`ForDate`,`IdMenu`),
  CONSTRAINT `FK_ORDERS_CLIENTS` FOREIGN KEY (`IdClient`) REFERENCES `clients` (`IdClient`) ON DELETE NO ACTION ON UPDATE NO ACTION,
  CONSTRAINT `FK_ORDERS_MENU` FOREIGN KEY (`ForDate`, `IdMenu`) REFERENCES `menu` (`ForDate`, `IdMenu`) ON DELETE NO ACTION ON UPDATE NO ACTION
) ENGINE=InnoDB AUTO_INCREMENT=25 DEFAULT CHARSET=utf8;
/*!40101 SET character_set_client = @saved_cs_client */;

--
-- Dumping data for table `orders`
--

LOCK TABLES `orders` WRITE;
/*!40000 ALTER TABLE `orders` DISABLE KEYS */;
INSERT INTO `orders` VALUES (1,'2018-04-22',1,2,NULL),(4,'2018-04-22',2,4,NULL),(5,'2018-04-23',4,3,'2018-04-23 05:12:02'),(10,'2018-04-23',10,2,'2018-04-23 22:49:28'),(14,'2018-04-23',4,7,NULL),(15,'2018-04-23',5,7,NULL),(16,'2018-04-23',4,7,NULL),(17,'2018-05-02',27,7,NULL),(18,'2018-05-02',27,1,'2018-05-02 13:11:44'),(19,'2018-05-02',28,1,'2018-05-02 13:13:32'),(20,'2018-05-02',30,1,NULL),(21,'2018-05-02',30,1,NULL),(22,'2018-05-02',30,1,NULL),(23,'2018-05-02',30,1,NULL),(24,'2018-05-18',33,1,NULL);
/*!40000 ALTER TABLE `orders` ENABLE KEYS */;
UNLOCK TABLES;

--
-- Table structure for table `servingplaces`
--

DROP TABLE IF EXISTS `servingplaces`;
/*!40101 SET @saved_cs_client     = @@character_set_client */;
/*!40101 SET character_set_client = utf8 */;
CREATE TABLE `servingplaces` (
  `id` int(11) NOT NULL,
  `Name` varchar(45) DEFAULT NULL,
  PRIMARY KEY (`id`)
) ENGINE=InnoDB DEFAULT CHARSET=utf8;
/*!40101 SET character_set_client = @saved_cs_client */;

--
-- Dumping data for table `servingplaces`
--

LOCK TABLES `servingplaces` WRITE;
/*!40000 ALTER TABLE `servingplaces` DISABLE KEYS */;
INSERT INTO `servingplaces` VALUES (1,'Hlavná výdajňa'),(2,'Bufet');
/*!40000 ALTER TABLE `servingplaces` ENABLE KEYS */;
UNLOCK TABLES;

--
-- Table structure for table `soups`
--

DROP TABLE IF EXISTS `soups`;
/*!40101 SET @saved_cs_client     = @@character_set_client */;
/*!40101 SET character_set_client = utf8 */;
CREATE TABLE `soups` (
  `IdSoup` int(11) NOT NULL AUTO_INCREMENT,
  `Name` varchar(50) NOT NULL,
  `Description` varchar(50) DEFAULT NULL,
  `Deleted` bit(1) NOT NULL DEFAULT b'0',
  PRIMARY KEY (`IdSoup`)
) ENGINE=InnoDB AUTO_INCREMENT=36 DEFAULT CHARSET=utf8;
/*!40101 SET character_set_client = @saved_cs_client */;

--
-- Dumping data for table `soups`
--

LOCK TABLES `soups` WRITE;
/*!40000 ALTER TABLE `soups` DISABLE KEYS */;
INSERT INTO `soups` VALUES (1,'Paradajkova','Cervena s cestovinou','\0'),(2,'Vývar','Kuraci s rezancami','\0'),(3,'Kapusnica','Stredne kyslá','\0'),(4,'Brokolicová','Zelena','\0'),(5,'Hovädzia','Vyvar','\0'),(6,'Hrachová','opis...','\0'),(7,'Mliečna','opis...','\0'),(8,'Zeleninová','opis...','\0'),(9,'Karfiolová','opis...','\0'),(10,'Tekvicová','opis...','\0'),(11,'Boršč','opis...','\0'),(12,'Kapustová','opis...','\0'),(13,'Kuracia','opis...','\0'),(14,'Kapusnica','opis...','\0'),(15,'Pismenková','opis...','\0'),(16,'Rybacia','opis...','\0'),(17,'Šošovicová','opis...','\0'),(18,'S párkou','opis...','\0'),(19,'Vajcová','opis...','\0'),(20,'Marakujová','opis...','\0'),(21,'Mangová','opis...','\0'),(22,'Kokosová','opis...','\0'),(23,'Pomarančová','opis...','\0'),(24,'Citrónová','opis...','\0'),(25,'Zelerová','opis...','\0'),(26,'Zemiaková','opis...','\0'),(27,'Mrkvová','opis...','\0'),(28,'Šparglová','opis...','\0'),(29,'Cibulová','opis...','\0'),(30,'Kalerábová','opis...','\0'),(31,'Fazuľová','opis...','\0'),(32,'Hubová','opis...','\0'),(33,'Čínska','opis...','\0'),(34,'Mexická','opis...','\0'),(35,'Syrová','opis...','\0');
/*!40000 ALTER TABLE `soups` ENABLE KEYS */;
UNLOCK TABLES;

--
-- Table structure for table `sysdiagrams`
--

DROP TABLE IF EXISTS `sysdiagrams`;
/*!40101 SET @saved_cs_client     = @@character_set_client */;
/*!40101 SET character_set_client = utf8 */;
CREATE TABLE `sysdiagrams` (
  `name` varchar(160) NOT NULL,
  `principal_id` int(11) NOT NULL,
  `diagram_id` int(11) NOT NULL AUTO_INCREMENT,
  `version` int(11) DEFAULT NULL,
  `definition` longblob,
  PRIMARY KEY (`diagram_id`),
  UNIQUE KEY `UK_principal_name` (`principal_id`,`name`)
) ENGINE=InnoDB AUTO_INCREMENT=2 DEFAULT CHARSET=utf8;
/*!40101 SET character_set_client = @saved_cs_client */;

--
-- Dumping data for table `sysdiagrams`
--

LOCK TABLES `sysdiagrams` WRITE;
/*!40000 ALTER TABLE `sysdiagrams` DISABLE KEYS */;
INSERT INTO `sysdiagrams` VALUES ('Diagram_0',1,1,1,'ÐÏà¡±\Zá\0\0\0\0\0\0\0\0\0\0\0\0\0\0\0\0>\0\0þÿ	\0\0\0\0\0\0\0\0\0\0\0\0\0\0\0\0\0\0\0\0\0\0\0\0\0\0\0\0\0\0\0þÿÿÿ\0\0\0\0\0\0\0\0ÿÿÿÿÿÿÿÿÿÿÿÿÿÿÿÿÿÿÿÿÿÿÿÿÿÿÿÿÿÿÿÿÿÿÿÿÿÿÿÿÿÿÿÿÿÿÿÿÿÿÿÿÿÿÿÿÿÿÿÿÿÿÿÿÿÿÿÿÿÿÿÿÿÿÿÿÿÿÿÿÿÿÿÿÿÿÿÿÿÿÿÿÿÿÿÿÿÿÿÿÿÿÿÿÿÿÿÿÿÿÿÿÿÿÿÿÿÿÿÿÿÿÿÿÿÿÿÿÿÿÿÿÿÿÿÿÿÿÿÿÿÿÿÿÿÿÿÿÿÿÿÿÿÿÿÿÿÿÿÿÿÿÿÿÿÿÿÿÿÿÿÿÿÿÿÿÿÿÿÿÿÿÿÿÿÿÿÿÿÿÿÿÿÿÿÿÿÿÿÿÿÿÿÿÿÿÿÿÿÿÿÿÿÿÿÿÿÿÿÿÿÿÿÿÿÿÿÿÿÿÿÿÿÿÿÿÿÿÿÿÿÿÿÿÿÿÿÿÿÿÿÿÿÿÿÿÿÿÿÿÿÿÿÿÿÿÿÿÿÿÿÿÿÿÿÿÿÿÿÿÿÿÿÿÿÿÿÿÿÿÿÿÿÿÿÿÿÿÿÿÿÿÿÿÿÿÿÿÿÿÿÿÿÿÿÿÿÿÿÿÿÿÿÿÿÿÿÿÿÿÿÿÿÿÿÿÿÿÿÿÿÿÿÿÿÿÿÿÿÿÿÿÿÿÿÿÿÿÿÿÿÿÿÿÿÿÿÿÿÿÿÿÿÿÿÿÿÿÿÿÿÿÿÿÿÿÿÿÿÿÿÿÿÿÿÿÿÿÿÿÿÿÿÿÿÿÿÿÿÿÿÿÿÿÿÿÿÿÿÿÿÿÿÿÿÿÿÿÿÿÿÿýÿÿÿ\0\0\0þÿÿÿ\0\0\0\0\0\0\0\0\0\0\0\0\0\0\0	\0\0\0\n\0\0\0\0\0\0\0\0\0\r\0\0\0\0\0\0\0\0\0\0\0\0\0\0\0\0\0\0\0\0\0\0\0\0\0\0\0\0\0\0þÿÿÿ&\0\0\0þÿÿÿ\Z\0\0\0\0\0\0\0\0\0\0\0\0\0\0\0\0\0\0 \0\0\0!\0\0\0\"\0\0\0#\0\0\0$\0\0\0%\0\0\0þÿÿÿ\'\0\0\0þÿÿÿÿÿÿÿÿÿÿÿÿÿÿÿÿÿÿÿÿÿÿÿÿÿÿÿÿÿÿÿÿÿÿÿÿÿÿÿÿÿÿÿÿÿÿÿÿÿÿÿÿÿÿÿÿÿÿÿÿÿÿÿÿÿÿÿÿÿÿÿÿÿÿÿÿÿÿÿÿÿÿÿÿÿÿÿÿÿÿÿÿÿÿÿÿÿÿÿÿÿÿÿÿÿÿÿÿÿÿÿÿÿÿÿÿÿÿÿÿÿÿÿÿÿÿÿÿÿÿÿÿÿÿÿÿÿÿÿÿÿÿÿÿÿÿÿÿÿÿÿÿÿÿÿÿÿÿÿÿÿÿÿÿÿÿÿÿÿÿÿÿÿÿÿÿÿÿÿÿÿÿÿÿÿÿÿÿÿÿÿÿÿÿÿÿÿÿÿÿÿÿÿÿÿÿÿÿÿÿÿÿÿÿÿÿÿÿÿÿÿÿÿÿÿÿÿÿÿÿÿÿÿÿÿÿÿÿÿÿÿÿÿÿÿÿÿÿÿÿÿÿÿÿÿÿÿÿÿÿÿÿÿÿÿÿÿÿÿÿÿÿÿÿÿÿÿÿÿÿÿÿÿÿÿÿÿÿÿÿÿÿÿÿÿÿÿÿÿÿÿÿÿÿÿÿÿÿÿÿÿÿÿÿÿÿÿÿÿÿÿÿÿÿÿÿÿÿÿÿÿÿÿÿÿÿÿÿÿÿÿÿÿÿÿÿÿÿÿÿÿÿÿÿÿR\0o\0o\0t\0 \0E\0n\0t\0r\0y\0\0\0\0\0\0\0\0\0\0\0\0\0\0\0\0\0\0\0\0\0\0\0\0\0\0\0\0\0\0\0\0\0\0\0\0\0\0\0\0\0\0\0\0\0\0\0ÿÿÿÿÿÿÿÿ\0\0\0\0\0\0\0\0\0\0\0\0\0\0\0\0\0\0\0\0\0\0\0\0\0\0\0\0\0\0\0@4Ó\0\0\0\0\r\0\0\0\0\0\0f\0\0\0\0\0\0\0\0\0\0\0\0\0\0\0\0\0\0\0\0\0\0\0\0\0\0\0\0\0\0\0\0\0\0\0\0\0\0\0\0\0\0\0\0\0\0\0\0\0\0\0\0\0\0\0\0\0\0\0\0\0\0\0\0ÿÿÿÿÿÿÿÿÿÿÿÿ\0\0\0\0\0\0\0\0\0\0\0\0\0\0\0\0\0\0\0\0\0\0\0\0\0\0\0\0\0\0\0\0\0\0\0\0\0\0\0\0²\0\0\0\0\0\0o\0\0\0\0\0\0\0\0\0\0\0\0\0\0\0\0\0\0\0\0\0\0\0\0\0\0\0\0\0\0\0\0\0\0\0\0\0\0\0\0\0\0\0\0\0\0\0\0\0\0\0\0\0\0\0\0\0\0\0\0\0\0\0\0\0\0\0\0\0\0ÿÿÿÿ\0\0\0\0\0\0\0\0\0\0\0\0\0\0\0\0\0\0\0\0\0\0\0\0\0\0\0\0\0\0\0\0\0\0\0\0\0\0\0Z\0\0\0\0\0\0\0C\0o\0m\0p\0O\0b\0j\0\0\0\0\0\0\0\0\0\0\0\0\0\0\0\0\0\0\0\0\0\0\0\0\0\0\0\0\0\0\0\0\0\0\0\0\0\0\0\0\0\0\0\0\0\0\0\0\0\0ÿÿÿÿÿÿÿÿÿÿÿÿ\0\0\0\0\0\0\0\0\0\0\0\0\0\0\0\0\0\0\0\0\0\0\0\0\0\0\0\0\0\0\0\0\0\0\0\0\0\0\0_\0\0\0\0\0\0\0\0\0\0\0\0\0\0\0\0\0\0\0\0\0\0\0\0\0\0\0\0\0\0\0	\0\0\0\n\0\0\0\0\0\0\0\0\0\r\0\0\0\0\0\0\0\0\0\0\0\0\0\0\0\0\0\0\0\0\0\0\0\0\0\0\0\0\0\0\0\0\0\0\0\0\0\0\0\Z\0\0\0\0\0\0\0\0\0\0\0\0\0\0\0þÿÿÿ \0\0\0þÿÿÿþÿÿÿ#\0\0\0$\0\0\0%\0\0\0&\0\0\0\'\0\0\0(\0\0\0)\0\0\0*\0\0\0+\0\0\0,\0\0\0-\0\0\0.\0\0\0/\0\0\00\0\0\01\0\0\02\0\0\0þÿÿÿþÿÿÿÿÿÿÿÿÿÿÿÿÿÿÿÿÿÿÿÿÿÿÿÿÿÿÿÿÿÿÿÿÿÿÿÿÿÿÿÿÿÿÿÿÿÿÿÿÿÿÿÿÿÿÿÿÿÿÿÿÿÿÿÿÿÿÿÿÿÿÿÿÿÿÿÿÿÿÿÿÿÿÿÿÿÿÿÿÿÿÿÿÿÿÿÿÿÿÿÿÿÿÿÿÿÿÿÿÿÿÿÿÿÿÿÿÿÿÿÿÿÿÿÿÿÿÿÿÿÿÿÿÿÿÿÿÿÿÿÿÿÿÿÿÿÿÿÿÿÿÿÿÿÿÿÿÿÿÿÿÿÿÿÿÿÿÿÿÿÿÿÿÿÿÿÿÿÿÿÿÿÿÿÿÿÿÿÿÿÿÿÿÿÿÿÿÿÿÿÿÿÿÿÿÿÿÿÿÿÿÿÿÿÿÿÿÿÿÿÿÿÿÿÿÿÿÿÿÿÿÿÿÿÿÿÿÿÿÿÿÿÿÿÿÿÿÿÿÿÿÿÿÿÿÿÿÿÿÿÿÿÿÿÿÿÿÿÿÿÿÿÿÿÿÿÿÿÿÿÿÿÿÿÿÿÿÿÿÿÿÿÿÿÿÿÿÿÿÿÿÿÿÿÿÿÿÿ\04\0\nP\0\0\Z\0\0\0\0ÿÿn\0\0\0\Z\0\0\0\0}\0\0Ä\0\0w^\0\0°\0\0\'m\0\0Míÿÿ7\0\0Þ[ñÐ° \0ª\0½Ë\\\0\0\00\0\0\0\0\0\0\0\0\08\0+\0\0\0	\0\0\0Ùæ°éÐ­Q\0 ÉW9ô;aÇC5)áÕRø 2}²ØbB\'<%¢Ú-\0\0,\0C \0\0\0\0\0\0\0\0\0\0SDMÒÑc\0`ÒßH4ÉÒwywØp\0[\r\0\0,\0C \0\0\0\0\0\0\0\0\0\0QDMÒÑc\0`ÒßH4ÉÒwywØp\0[\r\Z\0\0\0¸\0\0\0\0\0\04\0¥	\0\0\0\0\0\0\0ª\0\0\0\0\0\0\0SchGrid\0ÔþÿÿR5\0\0Applications\0\08\0¥	\0\0\0\0\0\0\0°\0\0\0\0\0\0\0SchGrid\0>þÿÿPF\0\0ApplicationType\0\0\0|\0¥	\0\0\0\0\0\0\0R\0\0\0\0\0T\0\0Control\0¯\0\0¦>\0\0Relationship \'FK_Automats_AutomatTypes\' between \'ApplicationType\' and \'Applications\'\0\0(\0µ\0\0\0\0\0\0\01\0\0\0c\0\0\0\0\0Control\0Òôÿÿ7C\0\0\0\00\0¥	\0\0\0\0\0\0\0\0\0\0\0\0\0\0SchGrid\0\0\0\0\0¤\0\0Cardsid\0\0\00\0¥	\0\0\0\0\0\0\0 \0\0\0\0\0\0\0SchGrid\0\0\0\0\0N\0\0Clients\0\0\0`\0¥	\0\0\0\0\0\0\0R\0\0\0\0\05\0\0Control\0\0\0,\0\0Relationship \'IdClient\' between \'Clients\' and \'Cards\'\0t\0\0\0(\0µ\0\0\0\0\0\0\01\0\0\0C\0\0\0\0\0Control\0M\0\0\0\0\0\00\0¥	\0\0\0\0	\0\0\0 \0\0\0\0\0\0\0SchGrid\0Ä;\0\0&\0\0Deserts\0\0\00\0¥	\0\0\0\0\n\0\0\0 \0\0\0\0\0\0\0SchGrid\0Ú\0\0¼4\0\0Devices\0\0\0p\0¥	\0\0\0\0\0\0\0R\0\0\0\0\0G\0\0Control\0¼\r\0\0-:\0\0Relationship \'FK_Devices_Automats\' between \'Applications\' and \'Devices\'\0\0\0(\0µ\0\0\0\0\0\0\01\0\0\0Y\0\0\0\0\0Control:\0\0½9\0\0\0\00\0¥	\0\0\0\0\r\0\0\0\0\0\0\0\0\0\0SchGrid\0)\0\0&\0\0Mealsid\0\0\0,\0¥	\0\0\0\0\0\0\0\0\0\0\0\0\0\0SchGrid\0)\0\0\"\0\0Menu\0\0\\\0¥	\0\0\0\0\0\0\0b\0\0\0\0\04\0\0Control\0é0\0\0\0\0Relationship \'IdDesert\' between \'Deserts\' and \'Menu\'\0\0(\0µ\0\0\0\0\0\0\01\0\0\0C\0\0\0\0\0Control\0I<\0\0R\0\0\0\0X\0¥	\0\0\0\0\0\0\0R\0\0\0\0\00\0\0Control\0/\0\0\0\0Relationship \'IdMeal\' between \'Meals\' and \'Menu\'\0\0(\0µ\0\0\0\0\0\0\01\0\0\0?\0\0\0\0\0Control\0Q1\0\0ª \0\0\0\00\0¥	\0\0\0\0\0\0\0\0\0\0\0\0\0\0SchGrid\0\0\0¸\0\0Ordersd\0\0\0h\0¥	\0\0\0\0\0\0\0R\0\0\0\0\0?\0\0Control:Â\r\0\0¿\0\0Relationship \'FK_ORDERS_CLIENTS\' between \'Clients\' and \'Orders\'\0\0\0(\0µ\0\0\0\0\0\0\01\0\0\0U\0\0\0\0\0Control\0N\0\0\0\0\0\0d\0¥	\0\0\0\0\0\0\0R\0\0\0\0\09\0\0Control\0Î!\0\0ë\0\0Relationship \'FK_ORDERS_MENU\' between \'Menu\' and \'Orders\'\0\0\0\0\0(\0µ\0\0\0\0\0\0\01\0\0\0O\0\0\0\0\0Control\0î \0\0{\0\0\0\00\0¥	\0\0\0\0\0\0\0\0\0\0\0\0\0\0SchGrid\0p\0\0&\0\0Soupsid\0\0\0X\0¥	\0\0\0\0\0\0\0b\0\0\0\0\00\0\0Control\0K\0\0\0\0Relationship \'IdSoup\' between \'Soups\' and \'Menu\'\0\0(\0µ\0\0\0\0\Z\0\0\01\0\0\0?\0\0\0\0\0Control\0¿\'\0\0C\"\0\0\0\0\0\0\0\0\0\0\0\0\0\0\0\0\0þÿ\n\0\0ÿÿÿÿ\0\0\0\0\0\0\0\0\0\0\0\0\0\0\0\0\0\0\0Microsoft DDS Form 2.0\0\0\0\0Embed!C4\0\0\0\0\0\0\0xV4\0\0\0\0\0A\0p\0p\0l\0i\0c\0a\0t\0i\0o\0n\0s\0\0\0V?æåe?\0\0?\0\0?ÐÏO?×ÖV?æåe?\0\0?\0\03@\0\0\0\0\0\0ð?\0\0\0\0\0\0\0\0\0\0\0\0\0\0\0\0\0\0\0\0\0\0\0\0\0\0\0\0\0\0\0\0\0\0\0\0\0\0\0\0\0\0\0\0\0\0\0\0\0\0\0\0\0\0\0\0\0\0\0\0\0\0\0\0\0\0\0\0ð?\0\0\0\0\0\0\0\0ð¯/^\0\0\0\0\0\0\0\0¤±/^H0^xMxM\0\0\0\0\0\0\0\0\0\0\0\0\0\0x\0\0\0\0\0\0\0\0\0\0\0\0\0\0@\0\0\0\0\0\0¨A\0\0Á\0\0\0@\0\0\0\0\0\0\0\0\0\0\0\0\0\0\0\0\0\0\0\0\0\0\0\0\0\0T\0\0\0,\0\0\0,\0\0\0,\0\0\04\0\0\0\0\0\0\0\0\0\0\0\")\0\0e\0\0\0\0\0\0-\0\0\0\0\0\0\0\0\0\0\0\0\0	\0\0b\0\0¢\0\0\0\0*\0\0ì\0\0Ì\0\0\0\0Ì\0\0\0\0Ü\0\0\0\0\0\0\0\0\0\0\0\0\0\0\0\0\0\0\0\0\0\0\0\0\0\0\0\0\0\0\0D\0\0\0\0\0\0\0\0\09\0\0À\0\0\0\0\0\0\0\0\0\0\0\0\0\0\0\0\0\0\0\0	\0\0\0\0\0\0\0\0\09\0\04\0\0\0\0\0\0\0\0\0\0\0\0\0\0\0\0\0\0\0\0\0\0	\0\0\0\0\0\0\0\0\0\0Ñ1\0\0	#\0\0\0\0\0\0\0\0\0\0\r\0\0\0\0\0\0\0\0\0\0\0	\0\0ª\n\0\0\0\0xV4\0\0\0b\0\0\0\0\0\0\0\0\0\0\0\0\0\0\0\0\0\0\0\0\0\0\0\0\0\0\0\0\0\0\0\0\0\0\0\0\0\0\0\0	\0\0\0\n\0\0\0\0\0\0d\0b\0o\0\0\0\r\0\0\0A\0p\0p\0l\0i\0c\0a\0t\0i\0o\0n\0s\0\0\0!C4\0\0\0)\0\0é\n\0\0xV4\0\0\0\0\0A\0p\0p\0l\0i\0c\0a\0t\0i\0o\0n\0T\0y\0p\0e\0\0\0\0\0?\0\0\0?\0\0?óòr??\0\0?\0\0?\0\0?óòr??\0\0?u\0d\0i\0o\0.\0S\0h\0e\0l\0l\0.\0I\0n\0t\0e\0r\0o\0p\0.\0I\0O\0l\0e\0I\0n\0P\0l\0a\0c\0e\0C\0o\0m\0p\0o\0n\0e\0n\0t\0,\0c\0l\0a\0s\0s\0 \0M\0i\0c\0r\0o\0s\0o\0f\0t\0.\0V\0i\0s\0u\0a\0l\0S\0t\0u\0d\0i\0o\0.\0P\0l\0a\0t\0f\0o\0r\0m\0.\0W\0i\0n\0\0\0\0\0\0\0\0\0\0\0\0\0\0\0\0\0T\0\0\0,\0\0\0,\0\0\0,\0\0\04\0\0\0\0\0\0\0\0\0\0\0\")\0\0e\0\0\0\0\0\0-\0\0\0\0\0\0\0\0\0\0\0\0\0	\0\0b\0\0¢\0\0\0\0*\0\0ì\0\0Ì\0\0\0\0Ì\0\0\0\0Ü\0\0\0\0\0\0\0\0\0)\0\0é\n\0\0\0\0\0\0\0\0\0\0\0\0\0\0\0\0\0\0\0\0Ì\0\0\0\0\0\0\0\0\09\0\0z\0\0\0\0\0\0\0\0\0\0\0\0\0\0\0\0\0\0\0\0	\0\0\0\0\0\0\0\0\09\0\04\0\0\0\0\0\0\0\0\0\0\0\0\0\0\0\0\0\0\0\0\0\0	\0\0\0\0\0\0\0\0\0\0Ñ1\0\0	#\0\0\0\0\0\0\0\0\0\0\r\0\0\0\0\0\0\0\0\0\0\0	\0\0ª\n\0\0\0\0xV4\0\0\0h\0\0\0\0\0\0\0\0\0\0\0\0\0\0\0\0\0\0\0\0\0\0\0\0\0\0\0\0\0\0\0\0\0\0\0\0\0\0\0\0	\0\0\0\n\0\0\0\0\0\0d\0b\0o\0\0\0\0\0\0A\0p\0p\0l\0i\0c\0a\0t\0i\0o\0n\0T\0y\0p\0e\0\0\0\0\0F\0\0PF\0\0F\0\0aA\0\0\0\0\0\0\0\0\0ððð\0\0\0\0\0\0\0\0\0\0\0\0\0\0\0\0\0\0\0\0\0\0\0\0\0\0\0Òôÿÿ7C\0\0Å\0\0X\0\01\0\0\0\0\0\0\0Å\0\0X\0\0\0\0\0\0\0\0\0\0\0\0\0\0\0\0\0\0DB\0Tahoma\0F\0K\0_\0A\0u\0t\0o\0m\0a\0t\0s\0_\0A\0u\0t\0o\0m\0a\0t\0T\0y\0p\0e\0s\0!C4\0\0\0x\0\0\0\0xV4\0\0\0\0\0C\0a\0r\0d\0s\0\0\0\0\0?>×ÖV?ÜÛ[?êéi?\0\0?\0\0?×ÖV?ÜÛ[?êéi?\0\0?s\0s\0e\0m\0b\0l\0y\0\\\0G\0A\0C\0\\\0M\0i\0c\0r\0o\0s\0o\0f\0t\0.\0V\0i\0s\0u\0a\0l\0S\0t\0u\0d\0i\0o\0.\0D\0e\0b\0u\0g\0g\0e\0r\0.\0I\0n\0t\0e\0r\0o\0p\0\\\0v\04\0.\00\0_\08\0.\00\0.\01\0.\00\0_\0_\0b\00\03\0f\05\0f\07\0f\01\01\0d\05\00\0a\03\0a\0\\\0M\0i\0c\0r\0o\0s\0o\0f\0\0\0\0\0\0\0\0\0\0\0\0\0\0\0\0\0T\0\0\0,\0\0\0,\0\0\0,\0\0\04\0\0\0\0\0\0\0\0\0\0\0\")\0\0e\0\0\0\0\0\0-\0\0\0\0\0\0\0\0\0\0\0\0\0	\0\0b\0\0¢\0\0\0\0*\0\0ì\0\0Ì\0\0\0\0Ì\0\0\0\0Ü\0\0\0\0\0\0\0\0\0x\0\0\0\0\0\0\0\0\0\0\0\0\0\0\0\0\0\0\0\0\0\0r\0\0\0\0\0\0\0\0\09\0\0À\0\0\0\0\0\0\0\0\0\0\0\0\0\0\0\0\0\0\0\0	\0\0\0\0\0\0\0\0\09\0\04\0\0\0\0\0\0\0\0\0\0\0\0\0\0\0\0\0\0\0\0\0\0	\0\0\0\0\0\0\0\0\0\0Ñ1\0\0	#\0\0\0\0\0\0\0\0\0\0\r\0\0\0\0\0\0\0\0\0\0\0	\0\0ª\n\0\0\0\0xV4\0\0\0T\0\0\0\0\0\0\0\0\0\0\0\0\0\0\0\0\0\0\0\0\0\0\0\0\0\0\0\0\0\0\0\0\0\0\0\0\0\0\0\0	\0\0\0\n\0\0\0\0\0\0d\0b\0o\0\0\0\0\0\0C\0a\0r\0d\0s\0\0\0!C4\0\0\0î\0\0\0\0xV4\0\0\0\0\0C\0l\0i\0e\0n\0t\0s\0\0\0soft.SqlServer.Management.DataTools] Microsoft.SqlServer.Management.DataTools.MetaData.MetaDataObjectStore::Synchronize(class Microsoft.SqlServer.Management.DataTools.MetaData.MetaDataType,string[],object[],object[],object\0\0\0\0\0\0\0\0\0\0\0\0\0\0\0\0T\0\0\0,\0\0\0,\0\0\0,\0\0\04\0\0\0\0\0\0\0\0\0\0\0\")\0\0e\0\0\0\0\0\0-\0\0\0\0\0\0\0\0\0\0\0\0\0	\0\0b\0\0¢\0\0\0\0*\0\0ì\0\0Ì\0\0\0\0Ì\0\0\0\0Ü\0\0\0\0\0\0\0\0\0î\0\0\0\0\0\0\0\0\0\0\0\0\0\0\0\0\0\0\0\0\0\0\0\0\0\0\0\0\0\0\09\0\0z\0\0\0\0\0\0\0\0\0\0\0\0\0\0\0\0\0\0\0\0	\0\0\0\0\0\0\0\0\09\0\04\0\0\0\0\0\0\0\0\0\0\0\0\0\0\0\0\0\0\0\0\0\0	\0\0\0\0\0\0\0\0\0\0Ñ1\0\0	#\0\0\0\0\0\0\0\0\0\0\r\0\0\0\0\0\0\0\0\0\0\0	\0\0ª\n\0\0\0\0xV4\0\0\0X\0\0\0\0\0\0\0\0\0\0\0\0\0\0\0\0\0\0\0\0\0\0\0\0\0\0\0\0\0\0\0\0\0\0\0\0\0\0\0\0	\0\0\0\n\0\0\0\0\0\0d\0b\0o\0\0\0\0\0\0C\0l\0i\0e\0n\0t\0s\0\0\0\0\0\0\0ã\Z\0\0\0\0¤\0\0\0\0\0\0\0\0\0ððð\0\0\0\0\0\0\0\0\0\0\0\0\0\0\0\0\0\0\0\0\0\0\0\0\0\0\0M\0\0\0\0+\0\0X\0\02\0\0\0\0\0\0\0+\0\0X\0\0\0\0\0\0\0\0\0\0\0\0\0\0\0\0\0\0DB\0Tahoma\0I\0d\0C\0l\0i\0e\0n\0t\0!C4\0\0\0x\0\0,\0\0xV4\0\0\0\0\0D\0e\0s\0e\0r\0t\0s\0\0\0\0\0\0\0\0\0\0\0\0\0\0\0\0\0\0\0\0\0\0\0\0\0\0\0\0\0\0\0\0\0\0\0\0\0\0\0\0\0\0\0\0\0\0\0\0\0\0\0\0\0\0\0\0\0\0\0\0\0\0\0\0\0\0\0\0\0\0\0\0\0\0\0\0\0\0\0\0\0\0\0\0\0\0\0\0\0\0\0\0\0\0\0\0\0\0\0\0\0\0\0\0\0\0\0\0\0\0\0\0\0\0\0\0\0\0\0\0\0\0\0\0\0\0\0\0\0\0\0\0\0\0\0\0\0\0\0\0\0\0\0\0\0\0\0\0\0\0\0\0\0\0\0\0\0\0\0\0\0\0\0\0\0\0\0\0\0\0\0\0\0\0\0\0\0\0\0\0\0\0\0\0\0\0\0\0\0\0\0\0\0\0\0\0\0\0\0\0\0\0\0\0\0\0\0\0\0\0\0\0\0\0\0\0\0\0\0\0\0\0\0\0\0\0\0\0\0\0\0\0\0\0\0\0\0\0\0\0\0T\0\0\0,\0\0\0,\0\0\0,\0\0\04\0\0\0\0\0\0\0\0\0\0\0\")\0\0e\0\0\0\0\0\0-\0\0\0\0\0\0\0\0\0\0\0\0\0	\0\0b\0\0¢\0\0\0\0*\0\0ì\0\0Ì\0\0\0\0Ì\0\0\0\0Ü\0\0\0\0\0\0\0\0\0x\0\0,\0\0\0\0\0\0\0\0\0\0\0\0\0\0\0\0\0\0\0\0r\0\0\0\0\0\0\0\0\09\0\0z\0\0\0\0\0\0\0\0\0\0\0\0\0\0\0\0\0\0\0\0	\0\0\0\0\0\0\0\0\09\0\04\0\0\0\0\0\0\0\0\0\0\0\0\0\0\0\0\0\0\0\0\0\0	\0\0\0\0\0\0\0\0\0\0Ñ1\0\0	#\0\0\0\0\0\0\0\0\0\0\r\0\0\0\0\0\0\0\0\0\0\0	\0\0ª\n\0\0\0\0xV4\0\0\0X\0\0\0\0\0\0\0\0\0\0\0\0\0\0\0\0\0\0\0\0\0\0\0\0\0\0\0\0\0\0\0\0\0\0\0\0\0\0\0\0	\0\0\0\n\0\0\0\0\0\0d\0b\0o\0\0\0\0\0\0D\0e\0s\0e\0r\0t\0s\0\0\0!C4\0\0\0x\0\0\0\0xV4\0\0\0\0\0D\0e\0v\0i\0c\0e\0s\0\0\0\0\0?>ÁÀÀ>?\0\0?s\0o\0f\0t\0.\0S\0q\0l\0S\0e\0r\0v\0e\0r\0.\0M\0a\0n\0a\0g\0e\0m\0e\0n\0t\0.\0D\0a\0t\0a\0.\0D\0a\0t\0a\0R\0e\0a\0d\0e\0r\0 \0 \0(\0c\0l\0a\0s\0s\0 \0S\0y\0s\0t\0e\0m\0.\0S\0t\0r\0i\0n\0g\0,\0i\0n\0t\03\02\0,\0c\0l\0a\0s\0s\0 \0M\0i\0c\0r\0o\0s\0o\0f\0t\0.\0S\0q\0l\0S\0e\0r\0v\0e\0r\0.\0M\0a\0n\0a\0g\0\0\0\0\0\0\0\0\0\0\0\0\0\0\0\0\0T\0\0\0,\0\0\0,\0\0\0,\0\0\04\0\0\0\0\0\0\0\0\0\0\0\")\0\0e\0\0\0\0\0\0-\0\0\0\0\0\0\0\0\0\0\0\0\0	\0\0b\0\0¢\0\0\0\0*\0\0ì\0\0Ì\0\0\0\0Ì\0\0\0\0Ü\0\0\0\0\0\0\0\0\0x\0\0\0\0\0\0\0\0\0\0\0\0\0\0\0\0\0\0\0\0\0\0r\0\0\0\0\0\0\0\0\09\0\0À\0\0\0\0\0\0\0\0\0\0\0\0\0\0\0\0\0\0\0\0	\0\0\0\0\0\0\0\0\09\0\04\0\0\0\0\0\0\0\0\0\0\0\0\0\0\0\0\0\0\0\0\0\0	\0\0\0\0\0\0\0\0\0\0Ñ1\0\0	#\0\0\0\0\0\0\0\0\0\0\r\0\0\0\0\0\0\0\0\0\0\0	\0\0ª\n\0\0\0\0xV4\0\0\0X\0\0\0\0\0\0\0\0\0\0\0\0\0\0\0\0\0\0\0\0\0\0\0\0\0\0\0\0\0\0\0\0\0\0\0\0\0\0\0\0	\0\0\0\n\0\0\0\0\0\0d\0b\0o\0\0\0\0\0\0D\0e\0v\0i\0c\0e\0s\0\0\0\0\0è\0\0Ä;\0\0Ú\0\0Ä;\0\0\0\0\0\0\0\0\0ððð\0\0\0\0\0\0\0\0\0\0\0\0\0\0\0\0\0\0\0\0\0\0\0\0\0\0\0\0\0½9\0\0\r\0\0X\0\09\0\0\0\0\0\0\0\r\0\0X\0\0\0\0\0\0\0\0\0\0\0\0\0\0\0\0\0\0DB\0Tahoma\0F\0K\0_\0D\0e\0v\0i\0c\0e\0s\0_\0A\0u\0t\0o\0m\0a\0t\0s\0!C4\0\0\0x\0\0\0\0xV4\0\0\0\0\0M\0e\0a\0l\0s\0\0\0\0\0\0²\0\0\0\0\0\0\0\0\0\0\0$\0\0\0\0\0\0\0\0\0\0\0\0\0\0\0\0\0\0\0\0\0\0\0$\0\0\0\0\0\0\0\0\0\0\0\0\0\0\0\0\0\0\0\0\0\0\0$\0\0\0\0\0\0\0\0\0\0\0\0\0\0\0\0\0\0\0\0\0$\0\0\0+\0\0\0\0\0\0\0\0\0\0\0\0\0\0\0\0\0\0\0\0$\0\0\0U\0\0\0\0\0\0\0\0\0\0\0\0\0\0\0\0\0\0\0\0$\0\0\0V\0\0\0\0\0\0\0\0\0\0\0\0\0\0\0\0\0\0\0\0;\0\0\0W\0\0\0\0\0\0\0\0\0\0\0\0\0\0\0\0\0\0\0\0$\0\0\0\0\0\0\0\0\0\0\0\0\0\0\0\0\0\0\0\0\0\0\0\0\0\0\0\0\0\0T\0\0\0,\0\0\0,\0\0\0,\0\0\04\0\0\0\0\0\0\0\0\0\0\0\")\0\0e\0\0\0\0\0\0-\0\0\0\0\0\0\0\0\0\0\0\0\0	\0\0b\0\0¢\0\0\0\0*\0\0ì\0\0Ì\0\0\0\0Ì\0\0\0\0Ü\0\0\0\0\0\0\0\0\0x\0\0\0\0\0\0\0\0\0\0\0\0\0\0\0\0\0\0\0\0\0\0r\0\0\0\0\0\0\0\0\09\0\0z\0\0\0\0\0\0\0\0\0\0\0\0\0\0\0\0\0\0\0\0	\0\0\0\0\0\0\0\0\09\0\04\0\0\0\0\0\0\0\0\0\0\0\0\0\0\0\0\0\0\0\0\0\0	\0\0\0\0\0\0\0\0\0\0Ñ1\0\0	#\0\0\0\0\0\0\0\0\0\0\r\0\0\0\0\0\0\0\0\0\0\0	\0\0ª\n\0\0\0\0xV4\0\0\0T\0\0\0\0\0\0\0\0\0\0\0\0\0\0\0\0\0\0\0\0\0\0\0\0\0\0\0\0\0\0\0\0\0\0\0\0\0\0\0\0	\0\0\0\n\0\0\0\0\0\0d\0b\0o\0\0\0\0\0\0M\0e\0a\0l\0s\0\0\0!C4\0\0\0x\0\0\0\0xV4\0\0\0\0\0M\0e\0n\0u\0\0\0æsÐhæs0jæsPlæsg\0r\0a\0m\0 \0F\0i\0l\0e\0s\0 \0(\0x\08\06\0)\0/\0M\0I\0\0\0ÌÈÜÇ\0\0\0\0\0\0\0\0\0\0\0\0\0S\0e\0r\0v\0e\0I\0\0\0ÔÈèÇ\0\0\0\0\0\0\0\0\0\0\0\0\0i\0n\0n\0/\0M\0I\0\0\0ÄÈôÇ\0\0\0\0\0\0\0\0\0\0\0\0\0i\0o\0/\0I\0D\0I\0\0\0\0É\0È\0\0\0\0\0\0\0\0\0\0\0\0\0e\0n\0/\0M\0i\0I\0\0\0ÜÈÈ\0\0\0\0\0\0\0\0\0\0\0\0\0r\0v\0e\0r\0\0\0\0\0\0\0\0\0\0\0\0\0\0\0\0\0T\0\0\0,\0\0\0,\0\0\0,\0\0\04\0\0\0\0\0\0\0\0\0\0\0\")\0\0e\0\0\0\0\0\0-\0\0\0\0\0\0\0\0\0\0\0\0\0	\0\0b\0\0¢\0\0\0\0*\0\0ì\0\0Ì\0\0\0\0Ì\0\0\0\0Ü\0\0\0\0\0\0\0\0\0x\0\0\0\0\0\0\0\0\0\0\0\0\0\0\0\0\0\0\0\0\0\0r\0\0\0\0\0\0\0\0\09\0\0\0\0\0\0\0\0\0\0\0\0\0\0\0\0\0\0\0\0\0\0	\0\0\0\0\0\0\0\0\09\0\04\0\0\0\0\0\0\0\0\0\0\0\0\0\0\0\0\0\0\0\0\0\0	\0\0\0\0\0\0\0\0\0\0Ñ1\0\0	#\0\0\0\0\0\0\0\0\0\0\r\0\0\0\0\0\0\0\0\0\0\0	\0\0ª\n\0\0\0\0xV4\0\0\0R\0\0\0\0\0\0\0\0\0\0\0\0\0\0\0\0\0\0\0\0\0\0\0\0\0\0\0\0\0\0\0\0\0\0\0\0\0\0\0\0	\0\0\0\n\0\0\0\0\0\0d\0b\0o\0\0\0\0\0\0M\0e\0n\0u\0\0\0\0\0ÌB\0\0&\0\0ÌB\0\0Y!\0\0d2\0\0Y!\0\0d2\0\0>\0\0\0\0\0\0\0\0\0ððð\0\0\0\0\0\0\0\0\0\0\0\0\0\0\0\0\0\0\0\0\0\0\0\0\0\0\0I<\0\0R\0\0º\0\0X\0\0-\0\0\0\0\0\0\0º\0\0X\0\0\0\0\0\0\0\0\0\0\0\0\0\0\0\0\0\0DB\0Tahoma\0I\0d\0D\0e\0s\0e\0r\0t\0\0\0¢0\0\0&\0\0¢0\0\0>\0\0\0\0\0\0\0\0\0ððð\0\0\0\0\0\0\0\0\0\0\0\0\0\0\0\0\0\0\0\0\0\0\0\0\0\0\0Q1\0\0ª \0\0\0\0X\0\00\0\0\0\0\0\0\0\0\0X\0\0\0\0\0\0\0ÿÿÿ\0\0\0\0\0\0\0\0\0\0DB\0Tahoma\0I\0d\0M\0e\0a\0l\0!C4\0\0\0x\0\0\0\0xV4\0\0\0\0\0O\0r\0d\0e\0r\0s\0\0\0\0\0\0\0\0\0\0\0Póí\0\0\0\0\0\0\0\0\0\0\0\0\0\0\0\0\0\0\0\0\0\0\0\0\0\0\0\0\0\0\0\0\0\0\0\0\0\0\0\0\0\0\0\0\0\0\0\0\0\0\0\0\0\0\0\0\0\0\0\0\0\0\0\0\0\0\0\0\0\0\0\0\0\0\0\0\0\0\0\0\0\0\0\0\0\0\0\0\0\0\0\0\0\0\0\0\0\0\0\0\0\0\0\0\0\0\0\0\0\0\0\0\0\0\0\0\0\0\0\0\0\0\0\0\0\0\0\0\0\0\0\0\0\0\0\0\0\0\0\0\0\0\0\0\0\0\0\0\0\0\0\0\0\0\0\0\0\0\0\0\0\0\0\0\0\0\0\0\0\0\0\0\0\0\0\0\0\0\0\0\0\0\0\0\0\0\0\0\0\0\0\0\0\0\0\0\0\0\0\0\0\0\0\0\0\0\0\0\0\0\0\0\0\0\0\0\0\0\0\0\0\0\0\0\0\0T\0\0\0,\0\0\0,\0\0\0,\0\0\04\0\0\0\0\0\0\0\0\0\0\0\")\0\0e\0\0\0\0\0\0-\0\0\0\0\0\0\0\0\0\0\0\0\0	\0\0b\0\0¢\0\0\0\0*\0\0ì\0\0Ì\0\0\0\0Ì\0\0\0\0Ü\0\0\0\0\0\0\0\0\0x\0\0\0\0\0\0\0\0\0\0\0\0\0\0\0\0\0\0\0\0\0\0r\0\0\0\0\0\0\0\0\09\0\0M\0\0\0\0\0\0\0\0\0\0\0\0\0\0\0\0\0\0\0\0	\0\0\0\0\0\0\0\0\09\0\04\0\0\0\0\0\0\0\0\0\0\0\0\0\0\0\0\0\0\0\0\0\0	\0\0\0\0\0\0\0\0\0\0Ñ1\0\0	#\0\0\0\0\0\0\0\0\0\0\r\0\0\0\0\0\0\0\0\0\0\0	\0\0ª\n\0\0\0\0xV4\0\0\0V\0\0\0\0\0\0\0\0\0\0\0\0\0\0\0\0\0\0\0\0\0\0\0\0\0\0\0\0\0\0\0\0\0\0\0\0\0\0\0\0	\0\0\0\n\0\0\0\0\0\0d\0b\0o\0\0\0\0\0\0O\0r\0d\0e\0r\0s\0\0\0\0\0î\0\0V\0\0\0\0V\0\0\0\0\0\0\0\0\0ððð\0\0\0\0\0\0\0\0\0\0\0\0\0\0\0\0\0\0\0\0\0\0\0\0\0\0\0N\0\0\0\0ñ\0\0X\0\09\0\0\0\0\0\0\0ñ\0\0X\0\0\0\0\0\0\0ÿÿÿ\0\0\0\0\0\0\0\0\0\0DB\0Tahoma\0F\0K\0_\0O\0R\0D\0E\0R\0S\0_\0C\0L\0I\0E\0N\0T\0S\0\0\0)\0\0\0\0ú\"\0\0\0\0\0\0\0\0\0\0\0ððð\0\0\0\0\0\0\0\0\0\0\0\0\0\0\0\0\0\0\0\0\0\0\0\0\0\0\0î \0\0{\0\0z\n\0\0X\0\06\0\0\0\0\0\0\0z\n\0\0X\0\0\0\0\0\0\0ÿÿÿ\0\0\0\0\0\0\0\0\0\0DB\0Tahoma\0F\0K\0_\0O\0R\0D\0E\0R\0S\0_\0M\0E\0N\0U\0!C4\0\0\0x\0\0\0\0xV4\0\0\0\0\0S\0o\0u\0p\0s\0\0\0\0\0?>×ÖV?ÜÛ[?êéi?\0\0?\0\0?×ÖV?ÜÛ[?êéi?\0\0?r\0o\0s\0o\0f\0t\0 \0S\0Q\0L\0 \0S\0e\0r\0v\0e\0r\0\\\01\04\00\0\\\0T\0o\0o\0l\0s\0\\\0B\0i\0n\0n\0\\\0M\0a\0n\0a\0g\0e\0m\0e\0n\0t\0S\0t\0u\0d\0i\0o\0\\\0I\0D\0E\0\\\0C\0o\0m\0p\0o\0n\0e\0n\0t\0s\0\\\0e\0n\0\\\0M\0i\0c\0r\0o\0s\0o\0f\0t\0.\0S\0q\0l\0S\0e\0r\0v\0e\0r\0.\0M\0a\0n\0\0\0\0\0\0\0\0\0\0\0\0\0\0\0\0\0T\0\0\0,\0\0\0,\0\0\0,\0\0\04\0\0\0\0\0\0\0\0\0\0\0\")\0\0e\0\0\0\0\0\0-\0\0\0\0\0\0\0\0\0\0\0\0\0	\0\0b\0\0¢\0\0\0\0*\0\0ì\0\0Ì\0\0\0\0Ì\0\0\0\0Ü\0\0\0\0\0\0\0\0\0x\0\0\0\0\0\0\0\0\0\0\0\0\0\0\0\0\0\0\0\0\0\0r\0\0\0\0\0\0\0\0\09\0\0z\0\0\0\0\0\0\0\0\0\0\0\0\0\0\0\0\0\0\0\0	\0\0\0\0\0\0\0\0\09\0\04\0\0\0\0\0\0\0\0\0\0\0\0\0\0\0\0\0\0\0\0\0\0	\0\0\0\0\0\0\0\0\0\0Ñ1\0\0	#\0\0\0\0\0\0\0\0\0\0\r\0\0\0\0\0\0\0\0\0\0\0	\0\0ª\n\0\0\0\0xV4\0\0\0T\0\0\0\0\0\0\0\0\0\0\0\0\0\0\0\0\0\0\0\0\0\0\0\0\0\0\0\0\0\0\0\0\0\0\0\0\0\0\0\0	\0\0\0\n\0\0\0\0\0\0d\0b\0o\0\0\0\0\0\0S\0o\0u\0p\0s\0\0\0\0\0â\0\0&\0\0â\0\0!\0\0à.\0\0!\0\0à.\0\0>\0\0\0\0\0\0\0\0\0ððð\0\0\0\0\0\0\0\0\0\0\0\0\0\0\0\0\0\0\0\0\Z\0\0\0\0\0\0\0¿\'\0\0C\"\0\0Õ\0\0X\0\03\0\0\0\0\0\0\0Õ\0\0X\0\0\0\0\0\0\0ÿÿÿ\0\0\0\0\0\0\0\0\0\0DB\0Tahoma\0I\0d\0S\0o\0u\0p\0\0\0\0\0\0\0\0\0\0\0\0\0\0\0\0\0\0\0\0\0\0\0\0\0\0\0\0\0\0\0\0\0\0\0\0\0\0\0\0\0\0\0\0\0\0\0\0\0\0\0\0\0\0\0\0\0\0\0\0\0\0\0\0\0\0\0\0\0\0\0\0\0\0\0\0\0\0\0\0\0\0\0\0\0\0\0\0\0\0\0\0\0\0\0\0\0\0\0\0\0\0\0\0\0\0\0\0\0\0\0\0\0\0\0\0\0\0\0\0\0\0\0\0\0\0\0\0\0\0\0\0\0\0\0\0\0\0\0\0\0\0\0\0\0\0\0\0\0\0\0\0\0\0\0\0\0\0\0\0\0\0\0\0\0\0\0ded Object\0\0\0\0\0ô9²q\0\0\0\0\0\0\0\0\0\0\0\0\0\0\0\0\0\0\0\0\0\0\0\0\0\0\0\0\0\0\0\0\0\0\0\0\0\0\0\0\0\0\0\0\0\0\0\0\0\0\0\0\0\0\0\0\0\0\0Na¼\0\0\0\0\0\0\0\0\0\0\0\0\0\0\0\0\0\0\0\0\0\0\0\0\0\0\0\0\0\0\0\0\0\0\0\0\0\0\0\0\0\0\0Ûæ°éÐ­Q\0 ÉW9\0\0\0PÕ4Ó\0\0HE\0\0\0\0\0\0\0\0\0\0\0\0\0\0\0\0\0æ\0\0D\0a\0t\0a\0 \0S\0o\0u\0r\0c\0e\0=\0D\0E\0S\0K\0T\0O\0P\0-\0M\05\0V\05\00\0N\0A\0;\0I\0n\0i\0t\0i\0a\0l\0 \0C\0a\0t\0a\0l\0o\0g\0=\0C\0V\0U\0T\0d\0b\0;\0P\0e\0r\0s\0i\0s\0t\0 \0S\0e\0c\0u\0r\0i\0t\0y\0 \0I\0n\0f\0o\0=\0T\0r\0u\0e\0;\0U\0s\0e\0r\0 \0I\0D\0=\0s\0a\0;\0M\0u\0l\0t\0i\0p\0l\0e\0A\0c\0t\0i\0v\0e\0R\0e\0s\0u\0l\0t\0S\0e\0t\0s\0=\0F\0a\0l\0s\0e\0;\0C\0o\0n\0n\0e\0c\0t\0 \0T\0i\0m\0e\0o\0u\0t\0=\03\00\0;\0T\0r\0u\0s\0t\0S\0e\0r\0v\0e\0r\0C\0e\0r\0t\0i\0f\0i\0c\0a\0t\0e\0=\0F\0a\0\0D\0d\0s\0S\0t\0r\0e\0a\0m\0\0\0\0\0\0\0\0\0\0\0\0\0\0\0\0\0\0\0\0\0\0\0\0\0\0\0\0\0\0\0\0\0\0\0\0\0\0\0\0\0\0\0\0\0\0\0\0\0\0\0\0\0ÿÿÿÿ\0\0\0\0\0\0\0\0\0\0\0\0\0\0\0\0\0\0\0\0\0\0\0\0\0\0\0\0\0\0\0\0\0\0\0\0\0\0\06\0\0\0\0\0\0S\0c\0h\0e\0m\0a\0 \0U\0D\0V\0 \0D\0e\0f\0a\0u\0l\0t\0\0\0\0\0\0\0\0\0\0\0\0\0\0\0\0\0\0\0\0\0\0\0\0\0\0\0\0\0&\0\0ÿÿÿÿÿÿÿÿÿÿÿÿ\0\0\0\0\0\0\0\0\0\0\0\0\0\0\0\0\0\0\0\0\0\0\0\0\0\0\0\0\0\0\0\0\0\0\0\0!\0\0\0\0\0\0\0\0\0\0D\0S\0R\0E\0F\0-\0S\0C\0H\0E\0M\0A\0-\0C\0O\0N\0T\0E\0N\0T\0S\0\0\0\0\0\0\0\0\0\0\0\0\0\0\0\0\0\0\0\0\0\0\0,\0\0\0\0\0\0\0ÿÿÿÿ\0\0\0\0\0\0\0\0\0\0\0\0\0\0\0\0\0\0\0\0\0\0\0\0\0\0\0\0\0\0\0\0\0\0\0\0\"\0\0\0\0\0\0\0\0\0S\0c\0h\0e\0m\0a\0 \0U\0D\0V\0 \0D\0e\0f\0a\0u\0l\0t\0 \0P\0o\0s\0t\0 \0V\06\0\0\0\0\0\0\0\0\0\0\0\0\06\0\0ÿÿÿÿÿÿÿÿÿÿÿÿ\0\0\0\0\0\0\0\0\0\0\0\0\0\0\0\0\0\0\0\0\0\0\0\0\0\0\0\0\0\0\0\0\0\0\0\03\0\0\0\0\0\0\0\0\0\0\0\0\0Míÿÿ7\0\0\0&\0\0\0s\0c\0h\0_\0l\0a\0b\0e\0l\0s\0_\0v\0i\0s\0i\0b\0l\0e\0\0\0\0\0\0\0\0\0\0\0\0\0\0\0\0\0\0\0\0\0\0\0\0\0\0\0\0d\0\0\0\0\0\0\0\0\0\0\0\0\0\0\0\0\0\0\0\0\0\0\0\0\0\0\0\0\0\0\0\0\0\0\0\0\0\0\0\0\0\0\0\0\0\0\0Ð\0\0\0(\0\0\0A\0c\0t\0i\0v\0e\0T\0a\0b\0l\0e\0V\0i\0e\0w\0M\0o\0d\0e\0\0\0\0\0\0\0\0\0\01\0\0\0 \0\0\0T\0a\0b\0l\0e\0V\0i\0e\0w\0M\0o\0d\0e\0:\00\0\0\0\0\0\0\0:\0\0\04\0,\00\0,\02\08\04\0,\00\0,\02\03\01\00\0,\01\0,\01\08\09\00\0,\05\0,\01\02\06\00\0\0\0 \0\0\0T\0a\0b\0l\0e\0V\0i\0e\0w\0M\0o\0d\0e\0:\01\0\0\0\0\0\0\0\0\0\02\0,\00\0,\02\08\04\0,\00\0,\01\08\06\00\0\0\0 \0\0\0T\0a\0b\0l\0e\0V\0i\0e\0w\0M\0o\0d\0e\0:\02\0\0\0\0\0\0\0\0\0\02\0,\00\0,\02\08\04\0,\00\0,\02\03\01\00\0\0\0 \0\0\0T\0a\0b\0l\0e\0V\0i\0e\0w\0M\0o\0d\0e\0:\03\0\0\0\0\0\0\0\0\0\02\0,\00\0,\02\08\04\0,\00\0,\02\03\01\00\0\0\0 \0\0\0T\0a\0b\0l\0e\0V\0i\0e\0w\0M\0o\0d\0e\0:\04\0\0\0\0\0\0\0>\0\0\04\0,\00\0,\02\08\04\0,\00\0,\02\03\01\00\0,\01\02\0,\02\07\03\00\0,\01\01\0,\01\06\08\00\0\0\0\0\0\0\0\0\0\0\0\0\0\0\0\0\0\0\0\0\0\0\0\0\0Ð\0\0\0(\0\0\0A\0c\0t\0i\0v\0e\0T\0a\0b\0l\0e\0V\0i\0e\0w\0M\0o\0d\0e\0\0\0\0\0\0\0\0\0\01\0\0\0 \0\0\0T\0a\0b\0l\0e\0V\0i\0e\0w\0M\0o\0d\0e\0:\00\0\0\0\0\0\0\0:\0\0\04\0,\00\0,\02\08\04\0,\00\0,\02\03\01\00\0,\01\0,\01\08\09\00\0,\05\0,\01\02\06\00\0\0\0 \0\0\0T\0a\0b\0l\0e\0V\0i\0e\0w\0M\0o\0d\0e\0:\01\0\0\0\0\0\0\0\0\0\02\0,\00\0,\02\08\04\0,\00\0,\01\07\04\00\0\0\0 \0\0\0T\0a\0b\0l\0e\0V\0i\0e\0w\0M\0o\0d\0e\0:\02\0\0\0\0\0\0\0\0\0\02\0,\00\0,\02\08\04\0,\00\0,\02\03\01\00\0\0\0 \0\0\0T\0a\0b\0l\0e\0V\0i\0e\0w\0M\0o\0d\0e\0:\03\0\0\0\0\0\0\0\0\0\02\0,\00\0,\02\08\04\0,\00\0,\02\03\01\00\0\0\0 \0\0\0T\0a\0b\0l\0e\0V\0i\0e\0w\0M\0o\0d\0e\0:\04\0\0\0\0\0\0\0>\0\0\04\0,\00\0,\02\08\04\0,\00\0,\02\03\01\00\0,\01\02\0,\02\07\03\00\0,\01\01\0,\01\06\08\00\0\0\0\0\0\0\0\0\0\0\0\0\0B\0\0\0Ê°s\0\0\0d\0b\0o\0\0\0F\0K\0_\0A\0u\0t\0o\0m\0a\0t\0s\0_\0A\0u\0t\0o\0m\0a\0t\0T\0y\0p\0e\0s\0\0\0\0\0\0\0\0\0\0\0Ä\0\0\0\0\0\0\0\0\0\0\0\0\0\0\0\0b(b\0\0\0\0\0\0\0\0­\0\0\0\0\0\0\0\0\0\0\0\0\0\0\0\0\0\0\0\0\0\0\0\0\0\0Ð\0\0\0(\0\0\0A\0c\0t\0i\0v\0e\0T\0a\0b\0l\0e\0V\0i\0e\0w\0M\0o\0d\0e\0\0\0\0\0\0\0\0\0\01\0\0\0 \0\0\0T\0a\0b\0l\0e\0V\0i\0e\0w\0M\0o\0d\0e\0:\00\0\0\0\0\0\0\0:\0\0\04\0,\00\0,\02\08\04\0,\00\0,\02\03\01\00\0,\01\0,\01\08\09\00\0,\05\0,\01\02\06\00\0\0\0 \0\0\0T\0a\0b\0l\0e\0V\0i\0e\0w\0M\0o\0d\0e\0:\01\0\0\0\0\0\0\0\0\0\02\0,\00\0,\02\08\04\0,\00\0,\01\06\05\00\0\0\0 \0\0\0T\0a\0b\0l\0e\0V\0i\0e\0w\0M\0o\0d\0e\0:\02\0\0\0\0\0\0\0\0\0\02\0,\00\0,\02\08\04\0,\00\0,\02\03\01\00\0\0\0 \0\0\0T\0a\0b\0l\0e\0V\0i\0e\0w\0M\0o\0d\0e\0:\03\0\0\0\0\0\0\0\0\0\02\0,\00\0,\02\08\04\0,\00\0,\02\03\01\00\0\0\0 \0\0\0T\0a\0b\0l\0e\0V\0i\0e\0w\0M\0o\0d\0e\0:\04\0\0\0\0\0\0\0>\0\0\04\0,\00\0,\02\08\04\0,\00\0,\02\03\01\00\0,\01\02\0,\02\07\03\00\0,\01\01\0,\01\06\08\00\0\0\0\0\0\0\0\0\0\0\0\0\0\0\0\0\0\0\0\0\0\0\0\0\0Ð\0\0\0(\0\0\0A\0c\0t\0i\0v\0e\0T\0a\0b\0l\0e\0V\0i\0e\0w\0M\0o\0d\0e\0\0\0\0\0\0\0\0\0\01\0\0\0 \0\0\0T\0a\0b\0l\0e\0V\0i\0e\0w\0M\0o\0d\0e\0:\00\0\0\0\0\0\0\0:\0\0\04\0,\00\0,\02\08\04\0,\00\0,\02\03\01\00\0,\01\0,\01\08\09\00\0,\05\0,\01\02\06\00\0\0\0 \0\0\0T\0a\0b\0l\0e\0V\0i\0e\0w\0M\0o\0d\0e\0:\01\0\0\0\0\0\0\0\0\0\02\0,\00\0,\02\08\04\0,\00\0,\01\06\09\05\0\0\0 \0\0\0T\0a\0b\0l\0e\0V\0i\0e\0w\0M\0o\0d\0e\0:\02\0\0\0\0\0\0\0\0\0\02\0,\00\0,\02\08\04\0,\00\0,\02\03\01\00\0\0\0 \0\0\0T\0a\0b\0l\0e\0V\0i\0e\0w\0M\0o\0d\0e\0:\03\0\0\0\0\0\0\0\0\0\02\0,\00\0,\02\08\04\0,\00\0,\02\03\01\00\0\0\0 \0\0\0T\0a\0b\0l\0e\0V\0i\0e\0w\0M\0o\0d\0e\0:\04\0\0\0\0\0\0\0>\0\0\04\0,\00\0,\02\08\04\0,\00\0,\02\03\01\00\0,\01\02\0,\02\07\03\00\0,\01\01\0,\01\06\08\00\0\0\0\0\0\0\0\0\0\0\0\0\0\"\0\0\0ÚR	\0\0\0d\0b\0o\0\0\0I\0d\0C\0l\0i\0e\0n\0t\0\0\0\0\0\0\0\0\0\0\0Ä\0\0\0\0\0\0\0\0\0\0\0\0\0\0\0\0bhb\0\0\0\0\0\0\0\0­\0\0\0\0	\0\0\0	\0\0\0\0\0\0\0\0\0\0\0\0\0\0\0\0\0\0\0Ð\0\0\0(\0\0\0A\0c\0t\0i\0v\0e\0T\0a\0b\0l\0e\0V\0i\0e\0w\0M\0o\0d\0e\0\0\0\0\0\0\0\0\0\01\0\0\0 \0\0\0T\0a\0b\0l\0e\0V\0i\0e\0w\0M\0o\0d\0e\0:\00\0\0\0\0\0\0\0:\0\0\04\0,\00\0,\02\08\04\0,\00\0,\02\03\01\00\0,\01\0,\01\08\09\00\0,\05\0,\01\02\06\00\0\0\0 \0\0\0T\0a\0b\0l\0e\0V\0i\0e\0w\0M\0o\0d\0e\0:\01\0\0\0\0\0\0\0\0\0\02\0,\00\0,\02\08\04\0,\00\0,\01\06\05\00\0\0\0 \0\0\0T\0a\0b\0l\0e\0V\0i\0e\0w\0M\0o\0d\0e\0:\02\0\0\0\0\0\0\0\0\0\02\0,\00\0,\02\08\04\0,\00\0,\02\03\01\00\0\0\0 \0\0\0T\0a\0b\0l\0e\0V\0i\0e\0w\0M\0o\0d\0e\0:\03\0\0\0\0\0\0\0\0\0\02\0,\00\0,\02\08\04\0,\00\0,\02\03\01\00\0\0\0 \0\0\0T\0a\0b\0l\0e\0V\0i\0e\0w\0M\0o\0d\0e\0:\04\0\0\0\0\0\0\0>\0\0\04\0,\00\0,\02\08\04\0,\00\0,\02\03\01\00\0,\01\02\0,\02\07\03\00\0,\01\01\0,\01\06\08\00\0\0\0\n\0\0\0\n\0\0\0\0\0\0\0\0\0\0\0\0\0\0\0\0\0\0\0Ð\0\0\0(\0\0\0A\0c\0t\0i\0v\0e\0T\0a\0b\0l\0e\0V\0i\0e\0w\0M\0o\0d\0e\0\0\0\0\0\0\0\0\0\01\0\0\0 \0\0\0T\0a\0b\0l\0e\0V\0i\0e\0w\0M\0o\0d\0e\0:\00\0\0\0\0\0\0\0:\0\0\04\0,\00\0,\02\08\04\0,\00\0,\02\03\01\00\0,\01\0,\01\08\09\00\0,\05\0,\01\02\06\00\0\0\0 \0\0\0T\0a\0b\0l\0e\0V\0i\0e\0w\0M\0o\0d\0e\0:\01\0\0\0\0\0\0\0\0\0\02\0,\00\0,\02\08\04\0,\00\0,\01\06\05\00\0\0\0 \0\0\0T\0a\0b\0l\0e\0V\0i\0e\0w\0M\0o\0d\0e\0:\02\0\0\0\0\0\0\0\0\0\02\0,\00\0,\02\08\04\0,\00\0,\02\03\01\00\0\0\0 \0\0\0T\0a\0b\0l\0e\0V\0i\0e\0w\0M\0o\0d\0e\0:\03\0\0\0\0\0\0\0\0\0\02\0,\00\0,\02\08\04\0,\00\0,\02\03\01\00\0\0\0 \0\0\0T\0a\0b\0l\0e\0V\0i\0e\0w\0M\0o\0d\0e\0:\04\0\0\0\0\0\0\0>\0\0\04\0,\00\0,\02\08\04\0,\00\0,\02\03\01\00\0,\01\02\0,\02\07\03\00\0,\01\01\0,\01\06\08\00\0\0\0\0\0\0\0\0\0\0\0\0\08\0\0\0\0\0\0\0\0\0d\0b\0o\0\0\0F\0K\0_\0D\0e\0v\0i\0c\0e\0s\0_\0A\0u\0t\0o\0m\0a\0t\0s\0\0\0\0\0\0\0\0\0\0\0Ä\0\0\0\0\0\0\0\0\0\0\0\0\0\0\0\08\0\0\0\0\0\0\0\0­\0\0\0\0\r\0\0\0\r\0\0\0\0\0\0\0\0\0\0\0\0\0\0\0\0\0\0\0Ð\0\0\0(\0\0\0A\0c\0t\0i\0v\0e\0T\0a\0b\0l\0e\0V\0i\0e\0w\0M\0o\0d\0e\0\0\0\0\0\0\0\0\0\01\0\0\0 \0\0\0T\0a\0b\0l\0e\0V\0i\0e\0w\0M\0o\0d\0e\0:\00\0\0\0\0\0\0\0:\0\0\04\0,\00\0,\02\08\04\0,\00\0,\02\03\01\00\0,\01\0,\01\08\09\00\0,\05\0,\01\02\06\00\0\0\0 \0\0\0T\0a\0b\0l\0e\0V\0i\0e\0w\0M\0o\0d\0e\0:\01\0\0\0\0\0\0\0\0\0\02\0,\00\0,\02\08\04\0,\00\0,\01\06\05\00\0\0\0 \0\0\0T\0a\0b\0l\0e\0V\0i\0e\0w\0M\0o\0d\0e\0:\02\0\0\0\0\0\0\0\0\0\02\0,\00\0,\02\08\04\0,\00\0,\02\03\01\00\0\0\0 \0\0\0T\0a\0b\0l\0e\0V\0i\0e\0w\0M\0o\0d\0e\0:\03\0\0\0\0\0\0\0\0\0\02\0,\00\0,\02\08\04\0,\00\0,\02\03\01\00\0\0\0 \0\0\0T\0a\0b\0l\0e\0V\0i\0e\0w\0M\0o\0d\0e\0:\04\0\0\0\0\0\0\0>\0\0\04\0,\00\0,\02\08\04\0,\00\0,\02\03\01\00\0,\01\02\0,\02\07\03\00\0,\01\01\0,\01\06\08\00\0\0\0\0\0\0\0\0\0\0\0\0\0\0\0\0\0\0\0\0\0\0\0\0\0Ð\0\0\0(\0\0\0A\0c\0t\0i\0v\0e\0T\0a\0b\0l\0e\0V\0i\0e\0w\0M\0o\0d\0e\0\0\0\0\0\0\0\0\0\01\0\0\0 \0\0\0T\0a\0b\0l\0e\0V\0i\0e\0w\0M\0o\0d\0e\0:\00\0\0\0\0\0\0\0:\0\0\04\0,\00\0,\02\08\04\0,\00\0,\02\03\01\00\0,\01\0,\01\08\09\00\0,\05\0,\01\02\06\00\0\0\0 \0\0\0T\0a\0b\0l\0e\0V\0i\0e\0w\0M\0o\0d\0e\0:\01\0\0\0\0\0\0\0\0\0\02\0,\00\0,\02\08\04\0,\00\0,\01\06\05\00\0\0\0 \0\0\0T\0a\0b\0l\0e\0V\0i\0e\0w\0M\0o\0d\0e\0:\02\0\0\0\0\0\0\0\0\0\02\0,\00\0,\02\08\04\0,\00\0,\02\03\01\00\0\0\0 \0\0\0T\0a\0b\0l\0e\0V\0i\0e\0w\0M\0o\0d\0e\0:\03\0\0\0\0\0\0\0\0\0\02\0,\00\0,\02\08\04\0,\00\0,\02\03\01\00\0\0\0 \0\0\0T\0a\0b\0l\0e\0V\0i\0e\0w\0M\0o\0d\0e\0:\04\0\0\0\0\0\0\0>\0\0\04\0,\00\0,\02\08\04\0,\00\0,\02\03\01\00\0,\01\02\0,\02\07\03\00\0,\01\01\0,\01\06\08\00\0\0\0\0\0\0\0\0\0\0\0\0\0\"\0\0\0ÚR	\0\0\0d\0b\0o\0\0\0I\0d\0D\0e\0s\0e\0r\0t\0\0\0\0\0\0\0\0\0\0\0Ä\0\0\0\0\0\0\0\0\0\0\0\0\0\0\0\0ÿ0ÿ\0\0\0\0\0\0\0\0­\0\0\0\0\0\0\0\0\0\0\0\0\0\0\0\0\0 \0\0\0d\0b\0o\0\0\0I\0d\0M\0e\0a\0l\0\0\0\0\0\0\0\0\0\0\0Ä\0\0\0\0\0\0\0\0\0\0\0\0\0\0\0\0ÂHÂ\0\0\0\0\0\0\0\0­\0\0\0\0\0\0\0\0\0\0\0\0\0\0\0\0\0\0\0\0\0\0\0\0\0\0Ð\0\0\0(\0\0\0A\0c\0t\0i\0v\0e\0T\0a\0b\0l\0e\0V\0i\0e\0w\0M\0o\0d\0e\0\0\0\0\0\0\0\0\0\01\0\0\0 \0\0\0T\0a\0b\0l\0e\0V\0i\0e\0w\0M\0o\0d\0e\0:\00\0\0\0\0\0\0\0:\0\0\04\0,\00\0,\02\08\04\0,\00\0,\02\03\01\00\0,\01\0,\01\08\09\00\0,\05\0,\01\02\06\00\0\0\0 \0\0\0T\0a\0b\0l\0e\0V\0i\0e\0w\0M\0o\0d\0e\0:\01\0\0\0\0\0\0\0\0\0\02\0,\00\0,\02\08\04\0,\00\0,\01\06\05\00\0\0\0 \0\0\0T\0a\0b\0l\0e\0V\0i\0e\0w\0M\0o\0d\0e\0:\02\0\0\0\0\0\0\0\0\0\02\0,\00\0,\02\08\04\0,\00\0,\02\03\01\00\0\0\0 \0\0\0T\0a\0b\0l\0e\0V\0i\0e\0w\0M\0o\0d\0e\0:\03\0\0\0\0\0\0\0\0\0\02\0,\00\0,\02\08\04\0,\00\0,\02\03\01\00\0\0\0 \0\0\0T\0a\0b\0l\0e\0V\0i\0e\0w\0M\0o\0d\0e\0:\04\0\0\0\0\0\0\0>\0\0\04\0,\00\0,\02\08\04\0,\00\0,\02\03\01\00\0,\01\02\0,\02\07\03\00\0,\01\01\0,\01\06\08\00\0\0\0\0\0\0\0\0\0\0\0\0\04\0\0\0\0\0\0\0\0\0d\0b\0o\0\0\0F\0K\0_\0O\0R\0D\0E\0R\0S\0_\0C\0L\0I\0E\0N\0T\0S\0\0\0\0\0\0\0\0\0\0\0Ä\0\0\0\0\0\0\0\0\0\0\0\0\0\0\0\0£d@£d\0\0\0\0\0\0\0\0­\0\0\0\0\0\0\0\0\0\0\0\0\0\0.\0\0\0\0\0\0\0\0\0d\0b\0o\0\0\0F\0K\0_\0O\0R\0D\0E\0R\0S\0_\0M\0E\0N\0U\0\0\0\0\0\0\0\0\0\0\0Ä\0\0\0\0\0\0\0\0\0\0\0\0\0\0\0\0ÂÂ\0\0\0\0\0\0\0\0­\0\0\0\0\0\0\0\0\0\0\0\0\0\0\0\0\0\0\0\0\0\0\0\0\0\0Ð\0\0\0(\0\0\0A\0c\0t\0i\0v\0e\0T\0a\0b\0l\0e\0V\0i\0e\0w\0M\0o\0d\0e\0\0\0\0\0\0\0\0\0\01\0\0\0 \0\0\0T\0a\0b\0l\0e\0V\0i\0e\0w\0M\0o\0d\0e\0:\00\0\0\0\0\0\0\0:\0\0\04\0,\00\0,\02\08\04\0,\00\0,\02\03\01\00\0,\01\0,\01\08\09\00\0,\05\0,\01\02\06\00\0\0\0 \0\0\0T\0a\0b\0l\0e\0V\0i\0e\0w\0M\0o\0d\0e\0:\01\0\0\0\0\0\0\0\0\0\02\0,\00\0,\02\08\04\0,\00\0,\01\06\05\00\0\0\0 \0\0\0T\0a\0b\0l\0e\0V\0i\0e\0w\0M\0o\0d\0e\0:\02\0\0\0\0\0\0\0\0\0\02\0,\00\0,\02\08\04\0,\00\0,\02\03\01\00\0\0\0 \0\0\0T\0a\0b\0l\0e\0V\0i\0e\0w\0M\0o\0d\0e\0:\03\0\0\0\0\0\0\0\0\0\02\0,\00\0,\02\08\04\0,\00\0,\02\03\01\00\0\0\0 \0\0\0T\0a\0b\0l\0e\0V\0i\0e\0w\0M\0o\0d\0e\0:\04\0\0\0\0\0\0\0>\0\0\04\0,\00\0,\02\08\04\0,\00\0,\02\03\01\00\0,\01\02\0,\02\07\03\00\0,\01\01\0,\01\06\08\00\0\0\0\0\0\0\0\0\0\0\0\0\0\0\0\0\Z[\0\0\0d\0b\0o\0\0\0I\0d\0S\0o\0u\0p\0\0\0\0\0\0\0\0\0\0\0Ä\0\0\0\0\Z\0\0\0\Z\0\0\0\0\0\0\0\0\0\09\09\0\0\0\0\0\0\0\0­\0\0\0\0(\0\0\0\0\0\0\0\0\0\n\0\0\0I\0\0\0D\0\0\0\0\0\0\0\0\0\0\0\0\0\0\0\0\0\0\0\0\0\0\0\0\0\0\0G\0\0\0F\0\0\0\0\0\0\0\0\0\0\0\0\0\0\0\0\0\0\0\0\0	\0\0\0\0\0\0\0\0\0\0\0\0\0\0\0\r\0\0\0\0\0\0\0\0\0\0\0\0\0\0\0\0\0\0\0\0\0L\0\0\0K\0\0\0\0\0\0\0\0\0\0\0\0\0\0\0\0\0\0\0\0\0\0\0\0\0\0\0\0\0\0\0\0\0\0\0\0\0\0\0\0\0\0\0\0\0\0\0\0\0\0\0\0\0\0\0\0\0\0\0\0\0\0\0\0\0\0\0\0\0\0\0\0\0\0\0\0\0\0\0\0\0\0\0\0\0\0\0\0\0\0\0\0\0\0\0\0\0\0\0\0\0\0\0\0\0\0\0\0\0\0\0\0\0\0\0\0\0\0\0\0\0\0\0\0\0\0\0\0\0\0\0\0\0\0\0\0\0\0\0\0\0\0\0\0\0\0\0\0\0\0\0\0\0\0\0\0\0\0\0\0\0\0\0\0\0\0\0\0\0\0\0\0\0\0\0\0\0\0\0\0\0\0\0\0\0\0\0\0\0\0\0\0\0\0\0\0\0\0\0\0\0\0\0\0\0\0\0\0\0\0\0\0\0\0\0\0\0\0\0\0l\0s\0e\0;\0P\0a\0c\0k\0e\0t\0 \0S\0i\0z\0e\0=\04\00\09\06\0;\0A\0p\0p\0l\0i\0c\0a\0t\0i\0o\0n\0 \0N\0a\0m\0e\0=\0\"\0M\0i\0c\0r\0o\0s\0o\0f\0t\0 \0S\0Q\0L\0 \0S\0e\0r\0v\0e\0r\0 \0M\0a\0n\0a\0g\0e\0m\0e\0n\0t\0 \0S\0t\0u\0d\0i\0o\0\"\0\0\0\0\0\0\0\0D\0i\0a\0g\0r\0a\0m\0_\00\0\0\0\0&\0\Z\0\0\0A\0p\0p\0l\0i\0c\0a\0t\0i\0o\0n\0s\0\0\0\0\0\0d\0b\0o\0\0\0\0&\0 \0\0\0A\0p\0p\0l\0i\0c\0a\0t\0i\0o\0n\0T\0y\0p\0e\0\0\0\0\0\0d\0b\0o\0\0\0\0&\0\0\0\0C\0a\0r\0d\0s\0\0\0\0\0\0d\0b\0o\0\0\0\0&\0\0\0\0C\0l\0i\0e\0n\0t\0s\0\0\0\0\0\0d\0b\0o\0\0\0\0&\0\0\0\0D\0e\0s\0e\0r\0t\0s\0\0\0\0\0\0d\0b\0o\0\0\0\0&\0\0\0\0D\0e\0v\0i\0c\0e\0s\0\0\0\0\0\0d\0b\0o\0\0\0\0&\0\0\0\0M\0e\0a\0l\0s\0\0\0\0\0\0d\0b\0o\0\0\0\0&\0\n\0\0\0M\0e\0n\0u\0\0\0\0\0\0d\0b\0o\0\0\0\0&\0\0\0\0O\0r\0d\0e\0r\0s\0\0\0\0\0\0d\0b\0o\0\0\0\0$\0\0\0\0S\0o\0u\0p\0s\0\0\0\0\0\0d\0b\0o\0\0\0\0\0\0Ö	³»kòE¸7dð2p\0N\0\0\0{\01\06\03\04\0C\0D\0D\07\0-\00\08\08\08\0-\04\02\0E\03\0-\09\0F\0A\02\0-\0B\06\0D\03\02\05\06\03\0B\09\01\0D\0}\0\0\0\0\0\0\0\0\0\0\0\0\0\0\0\0\0\0\0\0\0\0\0\0\0\0\0\0\0\0\0\0\0\0\0\0\0\0\0\0\0\0\0\0\0\0\0\0\0\0\0\0\0\0\0\0\0\0\0\0\0\0\0\0\0\0\0\0\0\0\0\0\0\0\0\0\0\0\0\0\0\0\0\0\0\0\0\0\0\0\0\0\0\0\0\0\0\0\0\0\0\0\0\0\0\0\0\0\0\0\0\0\0\0\0\0\0\0\0\0\0\0\0\0\0\0\0\0\0\0\0\0\0\0\0\0\0\0\0\0\0\0\0\0\0\0\0\0\0\0\0\0\0\0\0\0\0\0\0\0\0\0\0\0\0\0\0\0\0\0\0\0\0\0\0\0\0\0\0\0\0\0\0\0\0\0\0\0\0\0\0\0\0\0\0\0\0\0\0\0\0\0\0\0\0\0\0\0\0\0\0\0\0\0\0\0\0\0\0\0\0\0\0\0\0\0\0\0\0\0\0\0\0\0\0\0\0\0\0\0\0\0\0\0\0\0\0\0\0\0\0\0\0\0\0\0\0\0\0\0\0\0\0\0\0\0\0\0\0\0\0\0\0\0\0\0\0\0\0\0\0\0\0\0\0\0\0\0\0\0\0\0\0\0\0\0\0\0\0\0\0\0\0\0\0\0\0\0\0\0\0\0\0\0\0\0\0\0\0\0\0\0\0\0\0\0\0\0\0\0\0\0\0\0\0\0\0\0\0\0\0\0\0\0\0\0\0\0\0\0\0\0\0\0\0\0\0\0\0\0\0\0\0\0\0\0\0bR');
/*!40000 ALTER TABLE `sysdiagrams` ENABLE KEYS */;
UNLOCK TABLES;

--
-- Dumping routines for database 'cvutdb'
--
/*!50003 DROP PROCEDURE IF EXISTS `GetServedOrders` */;
/*!50003 SET @saved_cs_client      = @@character_set_client */ ;
/*!50003 SET @saved_cs_results     = @@character_set_results */ ;
/*!50003 SET @saved_col_connection = @@collation_connection */ ;
/*!50003 SET character_set_client  = utf8 */ ;
/*!50003 SET character_set_results = utf8 */ ;
/*!50003 SET collation_connection  = utf8_general_ci */ ;
/*!50003 SET @saved_sql_mode       = @@sql_mode */ ;
/*!50003 SET sql_mode              = 'STRICT_TRANS_TABLES,NO_AUTO_CREATE_USER,NO_ENGINE_SUBSTITUTION' */ ;
DELIMITER ;;
CREATE DEFINER=`root`@`localhost` PROCEDURE `GetServedOrders`(
IN Count int
)
BEGIN
SELECT Orders.IdOrder, Orders.Vydane, Clients.IdClient, Clients.LastName, Clients.FirstName, Soups.*, Meals.*, Deserts.* 
	FROM Orders
		LEFT JOIN Clients ON Orders.IdClient = Clients.IdClient
		LEFT JOIN Menu ON Orders.IdMenu = Menu.IdMenu
		LEFT JOIN Soups ON Menu.IdSoup = Soups.IdSoup
		LEFT JOIN Meals ON Menu.IdMeal = Meals.IdMeal
		LEFT JOIN Deserts ON Menu.IdDesert = Deserts.IdDesert
		where vydane is not null ORDER BY Vydane DESC
        LIMIT Count;
END ;;
DELIMITER ;
/*!50003 SET sql_mode              = @saved_sql_mode */ ;
/*!50003 SET character_set_client  = @saved_cs_client */ ;
/*!50003 SET character_set_results = @saved_cs_results */ ;
/*!50003 SET collation_connection  = @saved_col_connection */ ;
/*!50003 DROP PROCEDURE IF EXISTS `ServeOrder` */;
/*!50003 SET @saved_cs_client      = @@character_set_client */ ;
/*!50003 SET @saved_cs_results     = @@character_set_results */ ;
/*!50003 SET @saved_col_connection = @@collation_connection */ ;
/*!50003 SET character_set_client  = utf8 */ ;
/*!50003 SET character_set_results = utf8 */ ;
/*!50003 SET collation_connection  = utf8_general_ci */ ;
/*!50003 SET @saved_sql_mode       = @@sql_mode */ ;
/*!50003 SET sql_mode              = 'STRICT_TRANS_TABLES,NO_AUTO_CREATE_USER,NO_ENGINE_SUBSTITUTION' */ ;
DELIMITER ;;
CREATE DEFINER=`root`@`localhost` PROCEDURE `ServeOrder`(
  IN ClientId int
)
BEGIN
	DECLARE tmpOrderId int;
	SET tmpOrderId =
      (SELECT IdOrder FROM Orders
        WHERE IdClient = ClientId
		  AND Vydane is null
          AND ForDate = CAST(CURRENT_TIMESTAMP AS DATE)
		LIMIT 1
	  );
	UPDATE Orders SET Vydane = CURRENT_TIMESTAMP WHERE IdOrder = tmpOrderId;
	SELECT Orders.IdMenu, Orders.ForDate, Soups.idsoup, Soups.name, soups.description, Meals.idmeal, Meals.name, Meals.description, Deserts.Iddesert, Deserts.name, Deserts.description  FROM Orders
		LEFT JOIN Menu ON Orders.IdMenu = Menu.IdMenu
		LEFT JOIN Soups ON Menu.IdSoup = Soups.IdSoup
		LEFT JOIN Meals ON Menu.IdMeal = Meals.IdMeal
		LEFT JOIN Deserts ON Menu.IdDesert = Deserts.IdDesert
		WHERE IdOrder = tmpOrderId;
END ;;
DELIMITER ;
/*!50003 SET sql_mode              = @saved_sql_mode */ ;
/*!50003 SET character_set_client  = @saved_cs_client */ ;
/*!50003 SET character_set_results = @saved_cs_results */ ;
/*!50003 SET collation_connection  = @saved_col_connection */ ;
/*!40103 SET TIME_ZONE=@OLD_TIME_ZONE */;

/*!40101 SET SQL_MODE=@OLD_SQL_MODE */;
/*!40014 SET FOREIGN_KEY_CHECKS=@OLD_FOREIGN_KEY_CHECKS */;
/*!40014 SET UNIQUE_CHECKS=@OLD_UNIQUE_CHECKS */;
/*!40101 SET CHARACTER_SET_CLIENT=@OLD_CHARACTER_SET_CLIENT */;
/*!40101 SET CHARACTER_SET_RESULTS=@OLD_CHARACTER_SET_RESULTS */;
/*!40101 SET COLLATION_CONNECTION=@OLD_COLLATION_CONNECTION */;
/*!40111 SET SQL_NOTES=@OLD_SQL_NOTES */;

-- Dump completed on 2018-05-18 19:42:04
